field,share,diff_pred,contribution,qstr,brent_q
ALVHEIM,0.0,,0.0,2000-Q1,26.91161894756731
BØYLA,0.0,,0.0,2000-Q1,26.91161894756731
EDVARD GRIEG,0.0,,0.0,2000-Q1,26.91161894756731
HOD,0.01619574870099197,0.0,0.0,2000-Q1,26.91161894756731
IVAR AASEN,0.0,,0.0,2000-Q1,26.91161894756731
JOHAN SVERDRUP,0.0,,0.0,2000-Q1,26.91161894756731
SKARV,0.0,,0.0,2000-Q1,26.91161894756731
SKOGUL,0.0,,0.0,2000-Q1,26.91161894756731
TAMBAR,0.0,,0.0,2000-Q1,26.91161894756731
TAMBAR ØST,0.0,,0.0,2000-Q1,26.91161894756731
ULA,0.18431516296646194,0.0,0.0,2000-Q1,26.91161894756731
VALHALL,0.7994890883325461,0.0,0.0,2000-Q1,26.91161894756731
ALVHEIM,0.0,,0.0,2000-Q2,26.759150842783484
BØYLA,0.0,,0.0,2000-Q2,26.759150842783484
EDVARD GRIEG,0.0,,0.0,2000-Q2,26.759150842783484
HOD,0.017265860169250868,0.0,0.0,2000-Q2,26.759150842783484
IVAR AASEN,0.0,,0.0,2000-Q2,26.759150842783484
JOHAN SVERDRUP,0.0,,0.0,2000-Q2,26.759150842783484
SKARV,0.0,,0.0,2000-Q2,26.759150842783484
SKOGUL,0.0,,0.0,2000-Q2,26.759150842783484
TAMBAR,0.0,,0.0,2000-Q2,26.759150842783484
TAMBAR ØST,0.0,,0.0,2000-Q2,26.759150842783484
ULA,0.1885045720452093,0.0,0.0,2000-Q2,26.759150842783484
VALHALL,0.7942295677855398,0.0,0.0,2000-Q2,26.759150842783484
ALVHEIM,0.0,,0.0,2000-Q3,30.454350640925945
BØYLA,0.0,,0.0,2000-Q3,30.454350640925945
EDVARD GRIEG,0.0,,0.0,2000-Q3,30.454350640925945
HOD,0.018025317412788275,0.0,0.0,2000-Q3,30.454350640925945
IVAR AASEN,0.0,,0.0,2000-Q3,30.454350640925945
JOHAN SVERDRUP,0.0,,0.0,2000-Q3,30.454350640925945
SKARV,0.0,,0.0,2000-Q3,30.454350640925945
SKOGUL,0.0,,0.0,2000-Q3,30.454350640925945
TAMBAR,0.0,,0.0,2000-Q3,30.454350640925945
TAMBAR ØST,0.0,,0.0,2000-Q3,30.454350640925945
ULA,0.20110958076680846,0.0,0.0,2000-Q3,30.454350640925945
VALHALL,0.7808651018204033,0.0,0.0,2000-Q3,30.454350640925945
ALVHEIM,0.0,,0.0,2000-Q4,29.659890223997046
BØYLA,0.0,,0.0,2000-Q4,29.659890223997046
EDVARD GRIEG,0.0,,0.0,2000-Q4,29.659890223997046
HOD,0.014761271123819891,0.0,0.0,2000-Q4,29.659890223997046
IVAR AASEN,0.0,,0.0,2000-Q4,29.659890223997046
JOHAN SVERDRUP,0.0,,0.0,2000-Q4,29.659890223997046
SKARV,0.0,,0.0,2000-Q4,29.659890223997046
SKOGUL,0.0,,0.0,2000-Q4,29.659890223997046
TAMBAR,0.0,,0.0,2000-Q4,29.659890223997046
TAMBAR ØST,0.0,,0.0,2000-Q4,29.659890223997046
ULA,0.16181960887945462,0.0,0.0,2000-Q4,29.659890223997046
VALHALL,0.8234191199967253,0.0,0.0,2000-Q4,29.659890223997046
ALVHEIM,0.0,,0.0,2001-Q1,25.83129376692949
BØYLA,0.0,,0.0,2001-Q1,25.83129376692949
EDVARD GRIEG,0.0,,0.0,2001-Q1,25.83129376692949
HOD,0.05859498804469924,0.0,0.0,2001-Q1,25.83129376692949
IVAR AASEN,0.0,,0.0,2001-Q1,25.83129376692949
JOHAN SVERDRUP,0.0,,0.0,2001-Q1,25.83129376692949
SKARV,0.0,,0.0,2001-Q1,25.83129376692949
SKOGUL,0.0,,0.0,2001-Q1,25.83129376692949
TAMBAR,0.0,,0.0,2001-Q1,25.83129376692949
TAMBAR ØST,0.0,,0.0,2001-Q1,25.83129376692949
ULA,0.19913283643553087,0.0,0.0,2001-Q1,25.83129376692949
VALHALL,0.7422721755197699,0.0,0.0,2001-Q1,25.83129376692949
ALVHEIM,0.0,,0.0,2001-Q2,27.25486191499055
BØYLA,0.0,,0.0,2001-Q2,27.25486191499055
EDVARD GRIEG,0.0,,0.0,2001-Q2,27.25486191499055
HOD,0.06683372612934758,0.0,0.0,2001-Q2,27.25486191499055
IVAR AASEN,0.0,,0.0,2001-Q2,27.25486191499055
JOHAN SVERDRUP,0.0,,0.0,2001-Q2,27.25486191499055
SKARV,0.0,,0.0,2001-Q2,27.25486191499055
SKOGUL,0.0,,0.0,2001-Q2,27.25486191499055
TAMBAR,0.0,,0.0,2001-Q2,27.25486191499055
TAMBAR ØST,0.0,,0.0,2001-Q2,27.25486191499055
ULA,0.17975021603159472,0.0,0.0,2001-Q2,27.25486191499055
VALHALL,0.7534160578390579,0.0,0.0,2001-Q2,27.25486191499055
ALVHEIM,0.0,,0.0,2001-Q3,25.24944522635544
BØYLA,0.0,,0.0,2001-Q3,25.24944522635544
EDVARD GRIEG,0.0,,0.0,2001-Q3,25.24944522635544
HOD,0.05564063058913746,0.0,0.0,2001-Q3,25.24944522635544
IVAR AASEN,0.0,,0.0,2001-Q3,25.24944522635544
JOHAN SVERDRUP,0.0,,0.0,2001-Q3,25.24944522635544
SKARV,0.0,,0.0,2001-Q3,25.24944522635544
SKOGUL,0.0,,0.0,2001-Q3,25.24944522635544
TAMBAR,0.060761498183031074,0.0,0.0,2001-Q3,25.24944522635544
TAMBAR ØST,0.0,,0.0,2001-Q3,25.24944522635544
ULA,0.18563865892652714,0.0,0.0,2001-Q3,25.24944522635544
VALHALL,0.6979592123013043,0.0,0.0,2001-Q3,25.24944522635544
ALVHEIM,0.0,,0.0,2001-Q4,19.381118101601743
BØYLA,0.0,,0.0,2001-Q4,19.381118101601743
EDVARD GRIEG,0.0,,0.0,2001-Q4,19.381118101601743
HOD,0.06020386255379915,0.0,0.0,2001-Q4,19.381118101601743
IVAR AASEN,0.0,,0.0,2001-Q4,19.381118101601743
JOHAN SVERDRUP,0.0,,0.0,2001-Q4,19.381118101601743
SKARV,0.0,,0.0,2001-Q4,19.381118101601743
SKOGUL,0.0,,0.0,2001-Q4,19.381118101601743
TAMBAR,0.13497905453310832,0.0,0.0,2001-Q4,19.381118101601743
TAMBAR ØST,0.0,,0.0,2001-Q4,19.381118101601743
ULA,0.1884492865060265,0.0,0.0,2001-Q4,19.381118101601743
VALHALL,0.616367796407066,0.0,0.0,2001-Q4,19.381118101601743
ALVHEIM,0.0,,0.0,2002-Q1,21.089074252422567
BØYLA,0.0,,0.0,2002-Q1,21.089074252422567
EDVARD GRIEG,0.0,,0.0,2002-Q1,21.089074252422567
HOD,0.05711138387939445,0.0,0.0,2002-Q1,21.089074252422567
IVAR AASEN,0.0,,0.0,2002-Q1,21.089074252422567
JOHAN SVERDRUP,0.0,,0.0,2002-Q1,21.089074252422567
SKARV,0.0,,0.0,2002-Q1,21.089074252422567
SKOGUL,0.0,,0.0,2002-Q1,21.089074252422567
TAMBAR,0.15954706476847919,0.0,0.0,2002-Q1,21.089074252422567
TAMBAR ØST,0.0,,0.0,2002-Q1,21.089074252422567
ULA,0.18312123850788756,0.0,0.0,2002-Q1,21.089074252422567
VALHALL,0.6002203128442388,0.0,0.0,2002-Q1,21.089074252422567
ALVHEIM,0.0,,0.0,2002-Q2,25.039119359169938
BØYLA,0.0,,0.0,2002-Q2,25.039119359169938
EDVARD GRIEG,0.0,,0.0,2002-Q2,25.039119359169938
HOD,0.05679902622232721,0.0,0.0,2002-Q2,25.039119359169938
IVAR AASEN,0.0,,0.0,2002-Q2,25.039119359169938
JOHAN SVERDRUP,0.0,,0.0,2002-Q2,25.039119359169938
SKARV,0.0,,0.0,2002-Q2,25.039119359169938
SKOGUL,0.0,,0.0,2002-Q2,25.039119359169938
TAMBAR,0.16670003350030096,0.0,0.0,2002-Q2,25.039119359169938
TAMBAR ØST,0.0,,0.0,2002-Q2,25.039119359169938
ULA,0.16807808372939764,0.0,0.0,2002-Q2,25.039119359169938
VALHALL,0.6084228565479741,0.0,0.0,2002-Q2,25.039119359169938
ALVHEIM,0.0,,0.0,2002-Q3,26.942846573405937
BØYLA,0.0,,0.0,2002-Q3,26.942846573405937
EDVARD GRIEG,0.0,,0.0,2002-Q3,26.942846573405937
HOD,0.0501728073815034,0.0,0.0,2002-Q3,26.942846573405937
IVAR AASEN,0.0,,0.0,2002-Q3,26.942846573405937
JOHAN SVERDRUP,0.0,,0.0,2002-Q3,26.942846573405937
SKARV,0.0,,0.0,2002-Q3,26.942846573405937
SKOGUL,0.0,,0.0,2002-Q3,26.942846573405937
TAMBAR,0.15109816912568935,0.0,0.0,2002-Q3,26.942846573405937
TAMBAR ØST,0.0,,0.0,2002-Q3,26.942846573405937
ULA,0.1495174699502009,0.0,0.0,2002-Q3,26.942846573405937
VALHALL,0.6492115535426064,0.0,0.0,2002-Q3,26.942846573405937
ALVHEIM,0.0,,0.0,2002-Q4,26.801063882356104
BØYLA,0.0,,0.0,2002-Q4,26.801063882356104
EDVARD GRIEG,0.0,,0.0,2002-Q4,26.801063882356104
HOD,0.05796901458983463,0.0,0.0,2002-Q4,26.801063882356104
IVAR AASEN,0.0,,0.0,2002-Q4,26.801063882356104
JOHAN SVERDRUP,0.0,,0.0,2002-Q4,26.801063882356104
SKARV,0.0,,0.0,2002-Q4,26.801063882356104
SKOGUL,0.0,,0.0,2002-Q4,26.801063882356104
TAMBAR,0.15211790147672546,0.0,0.0,2002-Q4,26.801063882356104
TAMBAR ØST,0.0,,0.0,2002-Q4,26.801063882356104
ULA,0.1586528699649694,0.0,0.0,2002-Q4,26.801063882356104
VALHALL,0.6312602139684704,0.0,0.0,2002-Q4,26.801063882356104
ALVHEIM,0.0,,0.0,2003-Q1,31.488674247393966
BØYLA,0.0,,0.0,2003-Q1,31.488674247393966
EDVARD GRIEG,0.0,,0.0,2003-Q1,31.488674247393966
HOD,0.05719932791318737,0.0,0.0,2003-Q1,31.488674247393966
IVAR AASEN,0.0,,0.0,2003-Q1,31.488674247393966
JOHAN SVERDRUP,0.0,,0.0,2003-Q1,31.488674247393966
SKARV,0.0,,0.0,2003-Q1,31.488674247393966
SKOGUL,0.0,,0.0,2003-Q1,31.488674247393966
TAMBAR,0.15900905285700379,0.0,0.0,2003-Q1,31.488674247393966
TAMBAR ØST,0.0,,0.0,2003-Q1,31.488674247393966
ULA,0.14782524049957887,0.0,0.0,2003-Q1,31.488674247393966
VALHALL,0.6359663787302299,0.0,0.0,2003-Q1,31.488674247393966
ALVHEIM,0.0,,0.0,2003-Q2,26.187673324021237
BØYLA,0.0,,0.0,2003-Q2,26.187673324021237
EDVARD GRIEG,0.0,,0.0,2003-Q2,26.187673324021237
HOD,0.05465254895311315,0.0,0.0,2003-Q2,26.187673324021237
IVAR AASEN,0.0,,0.0,2003-Q2,26.187673324021237
JOHAN SVERDRUP,0.0,,0.0,2003-Q2,26.187673324021237
SKARV,0.0,,0.0,2003-Q2,26.187673324021237
SKOGUL,0.0,,0.0,2003-Q2,26.187673324021237
TAMBAR,0.14149178919376634,0.0,0.0,2003-Q2,26.187673324021237
TAMBAR ØST,0.0,,0.0,2003-Q2,26.187673324021237
ULA,0.14726204790937975,0.0,0.0,2003-Q2,26.187673324021237
VALHALL,0.6565936139437407,0.0,0.0,2003-Q2,26.187673324021237
ALVHEIM,0.0,,0.0,2003-Q3,28.47064237705233
BØYLA,0.0,,0.0,2003-Q3,28.47064237705233
EDVARD GRIEG,0.0,,0.0,2003-Q3,28.47064237705233
HOD,0.046336903574566574,0.0,0.0,2003-Q3,28.47064237705233
IVAR AASEN,0.0,,0.0,2003-Q3,28.47064237705233
JOHAN SVERDRUP,0.0,,0.0,2003-Q3,28.47064237705233
SKARV,0.0,,0.0,2003-Q3,28.47064237705233
SKOGUL,0.0,,0.0,2003-Q3,28.47064237705233
TAMBAR,0.1410994293220474,0.0,0.0,2003-Q3,28.47064237705233
TAMBAR ØST,0.0,,0.0,2003-Q3,28.47064237705233
ULA,0.1675115024123577,0.0,0.0,2003-Q3,28.47064237705233
VALHALL,0.6450521646910283,0.0,0.0,2003-Q3,28.47064237705233
ALVHEIM,0.0,,0.0,2003-Q4,29.38802521707221
BØYLA,0.0,,0.0,2003-Q4,29.38802521707221
EDVARD GRIEG,0.0,,0.0,2003-Q4,29.38802521707221
HOD,0.04975896998608731,0.0,0.0,2003-Q4,29.38802521707221
IVAR AASEN,0.0,,0.0,2003-Q4,29.38802521707221
JOHAN SVERDRUP,0.0,,0.0,2003-Q4,29.38802521707221
SKARV,0.0,,0.0,2003-Q4,29.38802521707221
SKOGUL,0.0,,0.0,2003-Q4,29.38802521707221
TAMBAR,0.12456605357571854,0.0,0.0,2003-Q4,29.38802521707221
TAMBAR ØST,0.0,,0.0,2003-Q4,29.38802521707221
ULA,0.14067388084722182,0.0,0.0,2003-Q4,29.38802521707221
VALHALL,0.6850010955909722,0.0,0.0,2003-Q4,29.38802521707221
ALVHEIM,0.0,,0.0,2004-Q1,31.94662451863714
BØYLA,0.0,,0.0,2004-Q1,31.94662451863714
EDVARD GRIEG,0.0,,0.0,2004-Q1,31.94662451863714
HOD,0.04638367353352092,0.0,0.0,2004-Q1,31.94662451863714
IVAR AASEN,0.0,,0.0,2004-Q1,31.94662451863714
JOHAN SVERDRUP,0.0,,0.0,2004-Q1,31.94662451863714
SKARV,0.0,,0.0,2004-Q1,31.94662451863714
SKOGUL,0.0,,0.0,2004-Q1,31.94662451863714
TAMBAR,0.11636378396709776,0.0,0.0,2004-Q1,31.94662451863714
TAMBAR ØST,0.0,,0.0,2004-Q1,31.94662451863714
ULA,0.13626513486016417,0.0,0.0,2004-Q1,31.94662451863714
VALHALL,0.7009874076392172,0.0,0.0,2004-Q1,31.94662451863714
ALVHEIM,0.0,,0.0,2004-Q2,35.48213216313038
BØYLA,0.0,,0.0,2004-Q2,35.48213216313038
EDVARD GRIEG,0.0,,0.0,2004-Q2,35.48213216313038
HOD,0.045690266935968116,0.0,0.0,2004-Q2,35.48213216313038
IVAR AASEN,0.0,,0.0,2004-Q2,35.48213216313038
JOHAN SVERDRUP,0.0,,0.0,2004-Q2,35.48213216313038
SKARV,0.0,,0.0,2004-Q2,35.48213216313038
SKOGUL,0.0,,0.0,2004-Q2,35.48213216313038
TAMBAR,0.1101535899589405,0.0,0.0,2004-Q2,35.48213216313038
TAMBAR ØST,0.0,,0.0,2004-Q2,35.48213216313038
ULA,0.14384433306126956,0.0,0.0,2004-Q2,35.48213216313038
VALHALL,0.7003118100438217,0.0,0.0,2004-Q2,35.48213216313038
ALVHEIM,0.0,,0.0,2004-Q3,41.09371249265947
BØYLA,0.0,,0.0,2004-Q3,41.09371249265947
EDVARD GRIEG,0.0,,0.0,2004-Q3,41.09371249265947
HOD,0.04339712717828057,0.0,0.0,2004-Q3,41.09371249265947
IVAR AASEN,0.0,,0.0,2004-Q3,41.09371249265947
JOHAN SVERDRUP,0.0,,0.0,2004-Q3,41.09371249265947
SKARV,0.0,,0.0,2004-Q3,41.09371249265947
SKOGUL,0.0,,0.0,2004-Q3,41.09371249265947
TAMBAR,0.07306720811736699,0.0,0.0,2004-Q3,41.09371249265947
TAMBAR ØST,0.0,,0.0,2004-Q3,41.09371249265947
ULA,0.14622934794078618,0.0,0.0,2004-Q3,41.09371249265947
VALHALL,0.7373063167635665,0.0,0.0,2004-Q3,41.09371249265947
ALVHEIM,0.0,,0.0,2004-Q4,44.009394775984376
BØYLA,0.0,,0.0,2004-Q4,44.009394775984376
EDVARD GRIEG,0.0,,0.0,2004-Q4,44.009394775984376
HOD,0.037619461083971385,0.0,0.0,2004-Q4,44.009394775984376
IVAR AASEN,0.0,,0.0,2004-Q4,44.009394775984376
JOHAN SVERDRUP,0.0,,0.0,2004-Q4,44.009394775984376
SKARV,0.0,,0.0,2004-Q4,44.009394775984376
SKOGUL,0.0,,0.0,2004-Q4,44.009394775984376
TAMBAR,0.030925644946115223,0.0,0.0,2004-Q4,44.009394775984376
TAMBAR ØST,0.0,,0.0,2004-Q4,44.009394775984376
ULA,0.1388150707825499,0.0,0.0,2004-Q4,44.009394775984376
VALHALL,0.7926398231873635,0.0,0.0,2004-Q4,44.009394775984376
ALVHEIM,0.0,,0.0,2005-Q1,47.722194900962286
BØYLA,0.0,,0.0,2005-Q1,47.722194900962286
EDVARD GRIEG,0.0,,0.0,2005-Q1,47.722194900962286
HOD,0.03379969895221468,0.0,0.0,2005-Q1,47.722194900962286
IVAR AASEN,0.0,,0.0,2005-Q1,47.722194900962286
JOHAN SVERDRUP,0.0,,0.0,2005-Q1,47.722194900962286
SKARV,0.0,,0.0,2005-Q1,47.722194900962286
SKOGUL,0.0,,0.0,2005-Q1,47.722194900962286
TAMBAR,0.10993650785163163,0.0,0.0,2005-Q1,47.722194900962286
TAMBAR ØST,0.0,,0.0,2005-Q1,47.722194900962286
ULA,0.12367496939466341,0.0,0.0,2005-Q1,47.722194900962286
VALHALL,0.7325888238014903,0.0,0.0,2005-Q1,47.722194900962286
ALVHEIM,0.0,,0.0,2005-Q2,51.56396689465275
BØYLA,0.0,,0.0,2005-Q2,51.56396689465275
EDVARD GRIEG,0.0,,0.0,2005-Q2,51.56396689465275
HOD,0.03879805232943673,0.0,0.0,2005-Q2,51.56396689465275
IVAR AASEN,0.0,,0.0,2005-Q2,51.56396689465275
JOHAN SVERDRUP,0.0,,0.0,2005-Q2,51.56396689465275
SKARV,0.0,,0.0,2005-Q2,51.56396689465275
SKOGUL,0.0,,0.0,2005-Q2,51.56396689465275
TAMBAR,0.11723663186879119,0.0,0.0,2005-Q2,51.56396689465275
TAMBAR ØST,0.0,,0.0,2005-Q2,51.56396689465275
ULA,0.13548309682145723,0.0,0.0,2005-Q2,51.56396689465275
VALHALL,0.7084822189803149,0.0,0.0,2005-Q2,51.56396689465275
ALVHEIM,0.0,,0.0,2005-Q3,61.247669940650475
BØYLA,0.0,,0.0,2005-Q3,61.247669940650475
EDVARD GRIEG,0.0,,0.0,2005-Q3,61.247669940650475
HOD,0.023158215780123968,0.0,0.0,2005-Q3,61.247669940650475
IVAR AASEN,0.0,,0.0,2005-Q3,61.247669940650475
JOHAN SVERDRUP,0.0,,0.0,2005-Q3,61.247669940650475
SKARV,0.0,,0.0,2005-Q3,61.247669940650475
SKOGUL,0.0,,0.0,2005-Q3,61.247669940650475
TAMBAR,0.11013928049028597,0.0,0.0,2005-Q3,61.247669940650475
TAMBAR ØST,0.0,,0.0,2005-Q3,61.247669940650475
ULA,0.14049099202546494,0.0,0.0,2005-Q3,61.247669940650475
VALHALL,0.7262115117041251,0.0,0.0,2005-Q3,61.247669940650475
ALVHEIM,0.0,,0.0,2005-Q4,56.88519685506906
BØYLA,0.0,,0.0,2005-Q4,56.88519685506906
EDVARD GRIEG,0.0,,0.0,2005-Q4,56.88519685506906
HOD,0.03969861078408289,0.0,0.0,2005-Q4,56.88519685506906
IVAR AASEN,0.0,,0.0,2005-Q4,56.88519685506906
JOHAN SVERDRUP,0.0,,0.0,2005-Q4,56.88519685506906
SKARV,0.0,,0.0,2005-Q4,56.88519685506906
SKOGUL,0.0,,0.0,2005-Q4,56.88519685506906
TAMBAR,0.10932320512689266,0.0,0.0,2005-Q4,56.88519685506906
TAMBAR ØST,0.0,,0.0,2005-Q4,56.88519685506906
ULA,0.17239790747432973,0.0,0.0,2005-Q4,56.88519685506906
VALHALL,0.6785802766146948,0.0,0.0,2005-Q4,56.88519685506906
ALVHEIM,0.0,,0.0,2006-Q1,61.81170537347802
BØYLA,0.0,,0.0,2006-Q1,61.81170537347802
EDVARD GRIEG,0.0,,0.0,2006-Q1,61.81170537347802
HOD,0.05861778225038757,0.0,0.0,2006-Q1,61.81170537347802
IVAR AASEN,0.0,,0.0,2006-Q1,61.81170537347802
JOHAN SVERDRUP,0.0,,0.0,2006-Q1,61.81170537347802
SKARV,0.0,,0.0,2006-Q1,61.81170537347802
SKOGUL,0.0,,0.0,2006-Q1,61.81170537347802
TAMBAR,0.10658434647011361,0.0,0.0,2006-Q1,61.81170537347802
TAMBAR ØST,0.0,,0.0,2006-Q1,61.81170537347802
ULA,0.15621544682278493,0.0,0.0,2006-Q1,61.81170537347802
VALHALL,0.6785824244567138,0.0,0.0,2006-Q1,61.81170537347802
ALVHEIM,0.0,0.5357228286979452,0.0,2006-Q2,69.56959961362377
BØYLA,0.0,0.5357228286979452,0.0,2006-Q2,69.56959961362377
EDVARD GRIEG,0.0,-0.3854767259020577,0.0,2006-Q2,69.56959961362377
HOD,0.0662493019428034,0.24910361944696077,0.016502940899786902,2006-Q2,69.56959961362377
IVAR AASEN,0.0,-0.3854767259020577,0.0,2006-Q2,69.56959961362377
JOHAN SVERDRUP,0.0,-1.277948894202055,0.0,2006-Q2,69.56959961362377
SKARV,0.0,-4.118983819102061,0.0,2006-Q2,69.56959961362377
SKOGUL,0.0,0.5357228286979452,0.0,2006-Q2,69.56959961362377
TAMBAR,0.09635058056224133,0.19856219574498257,0.019131582837742474,2006-Q2,69.56959961362377
TAMBAR ØST,0.0,0.7791113203979412,0.0,2006-Q2,69.56959961362377
ULA,0.14756611631274852,0.18781189991258548,0.027714672667418873,2006-Q2,69.56959961362377
VALHALL,0.6898340011822068,0.25520144797347727,0.17604663596303663,2006-Q2,69.56959961362377
ALVHEIM,0.0,0.01824810900044323,0.0,2006-Q3,69.47468794971964
BØYLA,0.0,0.01824810900044323,0.0,2006-Q3,69.47468794971964
EDVARD GRIEG,0.0,-0.8630845280362246,0.0,2006-Q3,69.47468794971964
HOD,0.06556760566039407,0.28278981796619385,0.018541851269182022,2006-Q3,69.47468794971964
IVAR AASEN,0.0,-0.8630845280362246,0.0,2006-Q3,69.47468794971964
JOHAN SVERDRUP,0.0,-1.7364370701812213,0.0,2006-Q3,69.47468794971964
SKARV,0.0,-4.639710714122898,0.0,2006-Q3,69.47468794971964
SKOGUL,0.0,0.01824810900044323,0.0,2006-Q3,69.47468794971964
TAMBAR,0.09700246631786565,0.26772122098249623,0.025969618720932452,2006-Q3,69.47468794971964
TAMBAR ØST,0.0,0.27755502517544084,0.0,2006-Q3,69.47468794971964
ULA,0.14283914375115347,0.27009209611288015,0.03857972374271806,2006-Q3,69.47468794971964
VALHALL,0.6945907842705867,0.2775566394132202,0.19278828384953706,2006-Q3,69.47468794971964
ALVHEIM,0.0,-0.6231378832553945,0.0,2006-Q4,59.75945328519902
BØYLA,0.0,-0.6231378832553945,0.0,2006-Q4,59.75945328519902
EDVARD GRIEG,0.0,-1.7184420771353974,0.0,2006-Q4,59.75945328519902
HOD,0.06621457830008466,-0.6273461272696088,-0.0415394592653484,2006-Q4,59.75945328519902
IVAR AASEN,0.0,-1.7184420771353974,0.0,2006-Q4,59.75945328519902
JOHAN SVERDRUP,0.0,-2.686340532115396,0.0,2006-Q4,59.75945328519902
SKARV,0.0,-5.453749101215402,0.0,2006-Q4,59.75945328519902
SKOGUL,0.0,-0.6231378832553945,0.0,2006-Q4,59.75945328519902
TAMBAR,0.08886032296531687,-0.6271215556107375,-0.05572622397008205,2006-Q4,59.75945328519902
TAMBAR ØST,0.0,-0.6303052065553982,0.0,2006-Q4,59.75945328519902
ULA,0.15199173908291422,-0.6261685991265967,-0.09517245434036359,2006-Q4,59.75945328519902
VALHALL,0.6929333596516842,-0.6277891516934152,-0.435016046035799,2006-Q4,59.75945328519902
ALVHEIM,0.0,-0.07797432081953966,0.0,2007-Q1,57.586488972742586
BØYLA,0.0,-0.07797432081953966,0.0,2007-Q1,57.586488972742586
EDVARD GRIEG,0.0,-1.2003588052662093,0.0,2007-Q1,57.586488972742586
HOD,0.06379154100990893,-0.17839059771906482,-0.01137981113017789,2007-Q1,57.586488972742586
IVAR AASEN,0.0,-1.2003588052662093,0.0,2007-Q1,57.586488972742586
JOHAN SVERDRUP,0.0,-2.1789722853962066,0.0,2007-Q1,57.586488972742586
SKARV,0.0,-4.959893256912879,0.0,2007-Q1,57.586488972742586
SKOGUL,0.0,-0.07797432081953966,0.0,2007-Q1,57.586488972742586
TAMBAR,0.08600204352139341,-0.146372887219425,-0.012588367416997,2007-Q1,57.586488972742586
TAMBAR ØST,0.0,-0.14691816486954354,0.0,2007-Q1,57.586488972742586
ULA,0.17275183760112378,-0.17039783014062065,-0.029436538280036374,2007-Q1,57.586488972742586
VALHALL,0.6774545778675738,-0.15308790253322382,-0.1037101003872774,2007-Q1,57.586488972742586
ALVHEIM,0.0,0.5110444337642291,0.0,2007-Q2,67.83555304933454
BØYLA,0.0,0.5110444337642291,0.0,2007-Q2,67.83555304933454
EDVARD GRIEG,0.0,-0.35360931207577373,0.0,2007-Q2,67.83555304933454
HOD,0.05826500614677428,0.8879939002826025,0.05173897005826391,2007-Q2,67.83555304933454
IVAR AASEN,0.0,-0.35360931207577373,0.0,2007-Q2,67.83555304933454
JOHAN SVERDRUP,0.0,-1.2161522579157713,0.0,2007-Q2,67.83555304933454
SKARV,0.0,-4.214470131615777,0.0,2007-Q2,67.83555304933454
SKOGUL,0.0,0.5110444337642291,0.0,2007-Q2,67.83555304933454
TAMBAR,0.07772729702282324,0.8852907952104024,0.06881126059089034,2007-Q2,67.83555304933454
TAMBAR ØST,0.0,0.7139739105642248,0.0,2007-Q2,67.83555304933454
ULA,0.1369266128601208,0.8549907048327121,0.11707098123963058,2007-Q2,67.83555304933454
VALHALL,0.7270810839702816,0.8469956974117067,0.6158345497922684,2007-Q2,67.83555304933454
ALVHEIM,0.0,-0.27056786755066714,0.0,2007-Q3,74.9288809793892
BØYLA,0.0,-0.27056786755066714,0.0,2007-Q3,74.9288809793892
EDVARD GRIEG,0.0,-0.9808057559440032,0.0,2007-Q3,74.9288809793892
HOD,0.060330638133456425,0.10157432699090155,0.0061280439653374555,2007-Q3,74.9288809793892
IVAR AASEN,0.0,-0.9808057559440032,0.0,2007-Q3,74.9288809793892
JOHAN SVERDRUP,0.0,-1.7735927021539997,0.0,2007-Q3,74.9288809793892
SKARV,0.0,-4.90741311383734,0.0,2007-Q3,74.9288809793892
SKOGUL,0.0,-0.27056786755066714,0.0,2007-Q3,74.9288809793892
TAMBAR,0.06613780616424624,0.11240645278215196,0.007434316185716462,2007-Q3,74.9288809793892
TAMBAR ØST,0.0,0.09045293679932986,0.0,2007-Q3,74.9288809793892
ULA,0.1449273694604304,0.10222809280325051,0.014815648574931851,2007-Q3,74.9288809793892
VALHALL,0.7286041862418668,0.08488240649510301,0.0618456767106159,2007-Q3,74.9288809793892
ALVHEIM,0.0,-1.0756904795325009,0.0,2007-Q4,88.23560252625343
BØYLA,0.0,-1.0756904795325009,0.0,2007-Q4,88.23560252625343
EDVARD GRIEG,0.0,-1.3700707772825018,0.0,2007-Q4,88.23560252625343
HOD,0.06755397778018445,-0.4267265181011159,-0.02882707372201826,2007-Q4,88.23560252625343
IVAR AASEN,0.0,-1.3700707772825018,0.0,2007-Q4,88.23560252625343
JOHAN SVERDRUP,0.0,-1.968259679357501,0.0,2007-Q4,88.23560252625343
SKARV,0.0,-5.632432924382506,0.0,2007-Q4,88.23560252625343
SKOGUL,0.0,-1.0756904795325009,0.0,2007-Q4,88.23560252625343
TAMBAR,0.09919778186286576,-0.4209011405312937,-0.04175245952425469,2007-Q4,88.23560252625343
TAMBAR ØST,0.0,-0.44003550920750323,0.0,2007-Q4,88.23560252625343
ULA,0.1338008524300257,-0.4638032781679433,-0.06205727397871112,2007-Q4,88.23560252625343
VALHALL,0.6994473879269241,-0.433639132261001,-0.30330775836285506,2007-Q4,88.23560252625343
ALVHEIM,0.0,-1.0928713720811032,0.0,2008-Q1,97.37718591586099
BØYLA,0.0,-1.0928713720811032,0.0,2008-Q1,97.37718591586099
EDVARD GRIEG,0.0,-1.1146481090444378,0.0,2008-Q1,97.37718591586099
HOD,0.05869658170415944,-0.4507668643280462,-0.026458474081558922,2008-Q1,97.37718591586099
IVAR AASEN,0.0,-1.1146481090444378,0.0,2008-Q1,97.37718591586099
JOHAN SVERDRUP,0.0,-1.5842431086994362,0.0,2008-Q1,97.37718591586099
SKARV,0.0,-5.621379825857775,0.0,2008-Q1,97.37718591586099
SKOGUL,0.0,-1.0928713720811032,0.0,2008-Q1,97.37718591586099
TAMBAR,0.12933106872223674,-0.26764934219211395,-0.034615375468509756,2008-Q1,97.37718591586099
TAMBAR ØST,0.0,-0.30030482645610607,0.0,2008-Q1,97.37718591586099
ULA,0.1430600755398247,-0.28906310441413796,-0.04135338955326282,2008-Q1,97.37718591586099
VALHALL,0.6689122740337792,-0.5087427000504452,-0.3403042363888281,2008-Q1,97.37718591586099
ALVHEIM,0.1276725680125447,-0.7645207016532143,-0.0976083212788184,2008-Q2,122.14822535885486
BØYLA,0.0,-1.1213662957682384,0.0,2008-Q2,122.14822535885486
EDVARD GRIEG,0.0,-0.5002146962182409,0.0,2008-Q2,122.14822535885486
HOD,0.04370204375340596,0.0313073329951214,0.0013681944363552467,2008-Q2,122.14822535885486
IVAR AASEN,0.0,-0.5002146962182409,0.0,2008-Q2,122.14822535885486
JOHAN SVERDRUP,0.0,-0.6754565156432383,0.0,2008-Q2,122.14822535885486
SKARV,0.0,-5.372917891218246,0.0,2008-Q2,122.14822535885486
SKOGUL,0.0,-1.1213662957682384,0.0,2008-Q2,122.14822535885486
TAMBAR,0.0779565239499383,0.23045272183877902,0.017965293129353247,2008-Q2,122.14822535885486
TAMBAR ØST,0.0,0.2416036752067582,0.0,2008-Q2,122.14822535885486
ULA,0.10039872477923242,0.2321472161505815,0.023307284462567215,2008-Q2,122.14822535885486
VALHALL,0.6502701395048787,0.1883312495809749,0.12246618793814865,2008-Q2,122.14822535885486
ALVHEIM,0.42874154383875773,0.21154568792332976,0.09069842483268045,2008-Q3,113.79003224271534
BØYLA,0.0,0.14522045542354736,0.0,2008-Q3,113.79003224271534
EDVARD GRIEG,0.0,0.6368369152068803,0.0,2008-Q3,113.79003224271534
HOD,0.02839625967063477,1.3543307377911735,0.03845792731024053,2008-Q3,113.79003224271534
IVAR AASEN,0.0,0.6368369152068803,0.0,2008-Q3,113.79003224271534
JOHAN SVERDRUP,0.0,0.40622405643188264,0.0,2008-Q3,113.79003224271534
SKARV,0.0,-4.254790945059791,0.0,2008-Q3,113.79003224271534
SKOGUL,0.0,0.14522045542354736,0.0,2008-Q3,113.79003224271534
TAMBAR,0.053772528484075446,1.3052684870500877,0.07018758689926691,2008-Q3,113.79003224271534
TAMBAR ØST,0.0,1.305028504648545,0.0,2008-Q3,113.79003224271534
ULA,0.0684987986054107,1.3157305455936392,0.09012596166160583,2008-Q3,113.79003224271534
VALHALL,0.4205908694011213,1.2998763904300816,0.5467161411649794,2008-Q3,113.79003224271534
ALVHEIM,0.4289033926993072,-0.7987035746456072,-0.3425666729265653,2008-Q4,53.78131159619388
BØYLA,0.0,-0.823440528399704,0.0,2008-Q4,53.78131159619388
EDVARD GRIEG,0.0,-1.9886597292230395,0.0,2008-Q4,53.78131159619388
HOD,0.037260983050759595,-1.0087881549523194,-0.03758843834348541,2008-Q4,53.78131159619388
IVAR AASEN,0.0,-1.9886597292230395,0.0,2008-Q4,53.78131159619388
JOHAN SVERDRUP,0.0,-2.9840858992880364,0.0,2008-Q4,53.78131159619388
SKARV,0.0,-5.789719031096378,0.0,2008-Q4,53.78131159619388
SKOGUL,0.0,-0.823440528399704,0.0,2008-Q4,53.78131159619388
TAMBAR,0.035062947286022,-0.8019561064869362,-0.028118944687454888,2008-Q4,53.78131159619388
TAMBAR ØST,0.0,-0.9931503550247065,0.0,2008-Q4,53.78131159619388
ULA,0.07219303315975419,-0.9791484819126741,-0.07068769882304465,2008-Q4,53.78131159619388
VALHALL,0.42657964380415714,-0.985745344938007,-0.42049889812526103,2008-Q4,53.78131159619388
ALVHEIM,0.48268477551204453,0.7176822762566721,0.34641430840392495,2009-Q1,44.506286268083464
BØYLA,0.0,0.713933040944935,0.0,2009-Q1,44.506286268083464
EDVARD GRIEG,0.0,-0.7017243294183994,0.0,2009-Q1,44.506286268083464
HOD,0.038135805222023395,0.2869247732897147,0.01094210726754978,2009-Q1,44.506286268083464
IVAR AASEN,0.0,-0.7017243294183994,0.0,2009-Q1,44.506286268083464
JOHAN SVERDRUP,0.0,-1.8104821065733965,0.0,2009-Q1,44.506286268083464
SKARV,0.0,-4.391481014931736,0.0,2009-Q1,44.506286268083464
SKOGUL,0.0,0.713933040944935,0.0,2009-Q1,44.506286268083464
TAMBAR,0.031852724387581834,0.2940141631885041,0.009365152106088927,2009-Q1,44.506286268083464
TAMBAR ØST,0.0,0.29227321666993294,0.0,2009-Q1,44.506286268083464
ULA,0.07090517254691464,0.2999500546273602,0.021268010378809446,2009-Q1,44.506286268083464
VALHALL,0.3764215223314356,0.2919878484509865,0.10991051041620085,2009-Q1,44.506286268083464
ALVHEIM,0.7257092728264221,1.3982772282884663,1.0147427505509676,2009-Q2,60.40481407402139
BØYLA,0.0,1.5002601840025462,0.0,2009-Q2,60.40481407402139
EDVARD GRIEG,0.0,0.44742961988921115,0.0,2009-Q2,60.40481407402139
HOD,0.006734476136282808,1.2696245047082624,0.008550255928997672,2009-Q2,60.40481407402139
IVAR AASEN,0.0,0.44742961988921115,0.0,2009-Q2,60.40481407402139
JOHAN SVERDRUP,0.0,-0.4960873627407875,0.0,2009-Q2,60.40481407402139
SKARV,0.0,-3.428298352424127,0.0,2009-Q2,60.40481407402139
SKOGUL,0.0,1.5002601840025462,0.0,2009-Q2,60.40481407402139
TAMBAR,0.046381677217440784,1.4219860943787175,0.06595410003716295,2009-Q2,60.40481407402139
TAMBAR ØST,0.0,1.4200771494525426,0.0,2009-Q2,60.40481407402139
ULA,0.10690186594589467,1.3760992418242384,0.14710757667774202,2009-Q2,60.40481407402139
VALHALL,0.11427270787395973,1.3018791253627018,0.14876925297977822,2009-Q2,60.40481407402139
ALVHEIM,0.4668193219607977,1.4853574403839533,0.6933935531894629,2009-Q3,67.93525349858693
BØYLA,0.0,1.5360249842260263,0.0,2009-Q3,67.93525349858693
EDVARD GRIEG,0.0,0.7227064216960248,0.0,2009-Q3,67.93525349858693
HOD,0.02985290612550648,1.6638563028685105,0.04967094601586592,2009-Q3,67.93525349858693
IVAR AASEN,0.0,0.7227064216960248,0.0,2009-Q3,67.93525349858693
JOHAN SVERDRUP,0.0,-0.11189710420897352,0.0,2009-Q3,67.93525349858693
SKARV,0.0,-3.2718636044839777,0.0,2009-Q3,67.93525349858693
SKOGUL,0.0,1.5360249842260263,0.0,2009-Q3,67.93525349858693
TAMBAR,0.024819821353581437,1.708919225764197,0.04241506989116808,2009-Q3,67.93525349858693
TAMBAR ØST,0.0,1.6849958032010246,0.0,2009-Q3,67.93525349858693
ULA,0.08500119173277945,1.7133966089241282,0.14564075366945392,2009-Q3,67.93525349858693
VALHALL,0.39350675882733493,1.70267902318306,0.6700157037360586,2009-Q3,67.93525349858693
ALVHEIM,0.48316706778069585,1.6381536770898801,0.7915019087336822,2009-Q4,74.58563120585852
BØYLA,0.0,1.6225744452867934,0.0,2009-Q4,74.58563120585852
EDVARD GRIEG,0.0,1.0645646231967911,0.0,2009-Q4,74.58563120585852
HOD,0.02933749117308948,1.8589841742432291,0.054537931802773776,2009-Q4,74.58563120585852
IVAR AASEN,0.0,1.0645646231967911,0.0,2009-Q4,74.58563120585852
JOHAN SVERDRUP,0.0,0.35308397663179286,0.0,2009-Q4,74.58563120585852
SKARV,0.0,-3.2221637126432126,0.0,2009-Q4,74.58563120585852
SKOGUL,0.0,1.6225744452867934,0.0,2009-Q4,74.58563120585852
TAMBAR,0.023998111013434645,1.85037309556092,0.044405458963543656,2009-Q4,74.58563120585852
TAMBAR ØST,0.0,1.8582290945617894,0.0,2009-Q4,74.58563120585852
ULA,0.12204804278155491,1.8381243865384973,0.22433948376606985,2009-Q4,74.58563120585852
VALHALL,0.34144928725122525,1.8634847310304485,0.6362855332138878,2009-Q4,74.58563120585852
ALVHEIM,0.4831142886628404,1.546680745071388,0.7472235679436756,2010-Q1,76.25426744832406
BØYLA,0.0,1.5452422285733884,0.0,2010-Q1,76.25426744832406
EDVARD GRIEG,0.0,1.0377231855000513,0.0,2010-Q1,76.25426744832406
HOD,0.020380712029064708,1.7648718611892085,0.03596934517109671,2010-Q1,76.25426744832406
IVAR AASEN,0.0,1.0377231855000513,0.0,2010-Q1,76.25426744832406
JOHAN SVERDRUP,0.0,0.3499302245100555,0.0,2010-Q1,76.25426744832406
SKARV,0.0,-3.2912030307732856,0.0,2010-Q1,76.25426744832406
SKOGUL,0.0,1.5452422285733884,0.0,2010-Q1,76.25426744832406
TAMBAR,0.025054883326023375,1.8186174344484856,0.04556524763477877,2010-Q1,76.25426744832406
TAMBAR ØST,0.0,1.8128768846233836,0.0,2010-Q1,76.25426744832406
ULA,0.16530670162937805,1.8165006688763867,0.3002797340795145,2010-Q1,76.25426744832406
VALHALL,0.3061434143526934,1.8070975686770707,0.5532310197432492,2010-Q1,76.25426744832406
ALVHEIM,0.5899046701701205,0.8838399369291056,0.5213813064773442,2010-Q2,79.08419850478215
BØYLA,0.0,0.8872196301640091,0.0,2010-Q2,79.08419850478215
EDVARD GRIEG,0.0,0.3184855452440081,0.0,2010-Q2,79.08419850478215
HOD,0.024356186299850223,1.2808129041347391,0.031195717708357905,2010-Q2,79.08419850478215
IVAR AASEN,0.0,0.3184855452440081,0.0,2010-Q2,79.08419850478215
JOHAN SVERDRUP,0.0,-0.4060475123759894,0.0,2010-Q2,79.08419850478215
SKARV,0.0,-3.770368385375996,0.0,2010-Q2,79.08419850478215
SKOGUL,0.0,0.8872196301640091,0.0,2010-Q2,79.08419850478215
TAMBAR,0.023728829986066204,1.278512123645463,0.030337596817107647,2010-Q2,79.08419850478215
TAMBAR ØST,0.0,1.2959807572640065,0.0,2010-Q2,79.08419850478215
ULA,0.12607066201560674,1.2717061155974245,0.16032483188266303,2010-Q2,79.08419850478215
VALHALL,0.23593965152835628,1.2861411566582868,0.30345169631823327,2010-Q2,79.08419850478215
ALVHEIM,0.48544813300444417,0.2297852406473198,0.11154881606421835,2010-Q3,76.80422176333366
BØYLA,0.0,0.2107755742545967,0.0,2010-Q3,76.80422176333366
EDVARD GRIEG,0.0,-0.41909078467207134,0.0,2010-Q3,76.80422176333366
HOD,0.023851119270401514,0.5766043358551489,0.01375265878631181,2010-Q3,76.80422176333366
IVAR AASEN,0.0,-0.41909078467207134,0.0,2010-Q3,76.80422176333366
JOHAN SVERDRUP,0.0,-1.17281939708207,0.0,2010-Q3,76.80422176333366
SKARV,0.0,-4.444714011098743,0.0,2010-Q3,76.80422176333366
SKOGUL,0.0,0.2107755742545967,0.0,2010-Q3,76.80422176333366
TAMBAR,0.02771752004490471,0.629308060890675,0.017442858792157397,2010-Q3,76.80422176333366
TAMBAR ØST,0.0,0.5923765716045944,0.0,2010-Q3,76.80422176333366
ULA,0.15050286061517387,0.5880401949212652,0.08850173149235485,2010-Q3,76.80422176333366
VALHALL,0.31248036706507576,0.5706774972175184,0.1783255138063089,2010-Q3,76.80422176333366
ALVHEIM,0.42366746295875735,0.5209694298799288,0.22071779663629962,2010-Q4,86.68387900913716
BØYLA,0.0,0.5614066597274207,0.0,2010-Q4,86.68387900913716
EDVARD GRIEG,0.0,0.26171346284408603,0.0,2010-Q4,86.68387900913716
HOD,0.03518666190826646,1.0886801183819204,0.03830701925175615,2010-Q4,86.68387900913716
IVAR AASEN,0.0,0.26171346284408603,0.0,2010-Q4,86.68387900913716
JOHAN SVERDRUP,0.0,-0.3353166373309122,0.0,2010-Q4,86.68387900913716
SKARV,0.0,-4.08220378478925,0.0,2010-Q4,86.68387900913716
SKOGUL,0.0,0.5614066597274207,0.0,2010-Q4,86.68387900913716
TAMBAR,0.026675841955087758,1.1216799966627964,0.02992175831516012,2010-Q4,86.68387900913716
TAMBAR ØST,0.0,1.1118037823524183,0.0,2010-Q4,86.68387900913716
ULA,0.13393280068848812,1.1090413298438195,0.1485370113852681,2010-Q4,86.68387900913716
VALHALL,0.3805372324894003,1.0894885315171947,0.4145909506124941,2010-Q4,86.68387900913716
ALVHEIM,0.5096974054002138,-0.10123303998139026,-0.05159821781929072,2011-Q1,104.71747035301149
BØYLA,0.0,-0.11789940327566935,0.0,2011-Q1,104.71747035301149
EDVARD GRIEG,0.0,0.1157136297009953,0.0,2011-Q1,104.71747035301149
HOD,0.017462425645101982,0.9136328597764203,0.015954245880767628,2011-Q1,104.71747035301149
IVAR AASEN,0.0,0.1157136297009953,0.0,2011-Q1,104.71747035301149
JOHAN SVERDRUP,0.0,-0.2337411250640035,0.0,2011-Q1,104.71747035301149
SKARV,0.0,-4.612102632372342,0.0,2011-Q1,104.71747035301149
SKOGUL,0.0,-0.11789940327566935,0.0,2011-Q1,104.71747035301149
TAMBAR,0.028730610744090133,0.826804702353315,0.0237546040646964,2011-Q1,104.71747035301149
TAMBAR ØST,0.0,0.8291497925993276,0.0,2011-Q1,104.71747035301149
ULA,0.1034600158977384,0.8081009309427006,0.08360613516230901,2011-Q1,104.71747035301149
VALHALL,0.34064954231285577,0.8446278482522499,0.28772208993182113,2011-Q1,104.71747035301149
ALVHEIM,0.44682181553339667,-0.42492643103337213,-0.189866399382458,2011-Q2,117.72667227596253
BØYLA,0.0,-0.3172404467032052,0.0,2011-Q2,117.72667227596253
EDVARD GRIEG,0.0,0.22344678898346024,0.0,2011-Q2,117.72667227596253
HOD,0.0221188885108164,0.945922366793824,0.020922751371000168,2011-Q2,117.72667227596253
IVAR AASEN,0.0,0.22344678898346024,0.0,2011-Q2,117.72667227596253
JOHAN SVERDRUP,0.0,0.013218047053463225,0.0,2011-Q2,117.72667227596253
SKARV,0.0,-4.6470774378298785,0.0,2011-Q2,117.72667227596253
SKOGUL,0.0,-0.3172404467032052,0.0,2011-Q2,117.72667227596253
TAMBAR,0.033532192140284856,0.8794306287321776,0.029489236816698888,2011-Q2,117.72667227596253
TAMBAR ØST,0.0,0.9327995998467923,0.0,2011-Q2,117.72667227596253
ULA,0.12074225608213823,0.9540305798004521,0.115191804576457,2011-Q2,117.72667227596253
VALHALL,0.37678484773336385,0.98748704369161,0.37207015539601285,2011-Q2,117.72667227596253
ALVHEIM,0.6145826152431246,-0.7712479128009421,-0.4739955592500043,2011-Q3,113.65657009655942
BØYLA,0.0,-0.7795819087138187,0.0,2011-Q3,113.65657009655942
EDVARD GRIEG,0.0,-0.41269139838715424,0.0,2011-Q3,113.65657009655942
HOD,0.0027125774134644518,0.7956289860315443,0.0021582052170067904,2011-Q3,113.65657009655942
IVAR AASEN,0.0,-0.41269139838715424,0.0,2011-Q3,113.65657009655942
JOHAN SVERDRUP,0.0,-0.7074118802771526,0.0,2011-Q3,113.65657009655942
SKARV,0.0,-5.068363665160492,0.0,2011-Q3,113.65657009655942
SKOGUL,0.0,-0.7795819087138187,0.0,2011-Q3,113.65657009655942
TAMBAR,0.04222397146770425,0.42706727764974,0.018032476546272755,2011-Q3,113.65657009655942
TAMBAR ØST,0.0,0.42665836763617815,0.0,2011-Q3,113.65657009655942
ULA,0.1748019941398495,0.4081849593751349,0.07135154487666703,2011-Q3,113.65657009655942
VALHALL,0.16567884173585717,0.14921954255714417,0.02472252097522209,2011-Q3,113.65657009655942
ALVHEIM,0.5422767803400068,-0.389672270763751,-0.2113102243775463,2011-Q4,109.46081657196868
BØYLA,0.0,-0.3891029010270873,0.0,2011-Q4,109.46081657196868
EDVARD GRIEG,0.0,-0.06270938021708927,0.0,2011-Q4,109.46081657196868
HOD,0.0074232731771680695,0.6995440708840678,0.005192906737640659,2011-Q4,109.46081657196868
IVAR AASEN,0.0,-0.06270938021708927,0.0,2011-Q4,109.46081657196868
JOHAN SVERDRUP,0.0,-0.3714083021320859,0.0,2011-Q4,109.46081657196868
SKARV,0.0,-4.8027815696570935,0.0,2011-Q4,109.46081657196868
SKOGUL,0.0,-0.3891029010270873,0.0,2011-Q4,109.46081657196868
TAMBAR,0.03133555745468025,0.6648645446575846,0.02083390113869756,2011-Q4,109.46081657196868
TAMBAR ØST,0.0,0.6788830184979101,0.0,2011-Q4,109.46081657196868
ULA,0.10870303689109315,0.7274293712970301,0.07907378178376576,2011-Q4,109.46081657196868
VALHALL,0.3102613521370516,0.7409519090758818,0.22988874117841282,2011-Q4,109.46081657196868
ALVHEIM,0.5548825456307753,1.0917671687051174,0.6058025458071997,2012-Q1,118.55130729071273
BØYLA,0.0,1.091217162857804,0.0,2012-Q1,118.55130729071273
EDVARD GRIEG,0.0,1.6824128110978023,0.0,2012-Q1,118.55130729071273
HOD,0.01865752079136026,2.440954385761642,0.04554215720310985,2012-Q1,118.55130729071273
IVAR AASEN,0.0,1.6824128110978023,0.0,2012-Q1,118.55130729071273
JOHAN SVERDRUP,0.0,1.4968115645378042,0.0,2012-Q1,118.55130729071273
SKARV,0.0,-3.252263332362201,0.0,2012-Q1,118.55130729071273
SKOGUL,0.0,1.091217162857804,0.0,2012-Q1,118.55130729071273
TAMBAR,0.031263625209291324,2.371715930448561,0.07414843795244944,2012-Q1,118.55130729071273
TAMBAR ØST,0.0,2.352355756857801,0.0,2012-Q1,118.55130729071273
ULA,0.10307263158406582,2.403568656783346,0.24774214664763777,2012-Q1,118.55130729071273
VALHALL,0.29212367678450735,2.331674342208112,0.6811372819099313,2012-Q1,118.55130729071273
ALVHEIM,0.525626643902459,1.1073467036530975,0.5820509314776283,2012-Q2,107.85717813739612
BØYLA,0.0,1.1123105285782702,0.0,2012-Q2,107.85717813739612
EDVARD GRIEG,0.0,1.3545777964782675,0.0,2012-Q2,107.85717813739612
HOD,0.012204657833991064,1.8947379087954077,0.02312462786193972,2012-Q2,107.85717813739612
IVAR AASEN,0.0,1.3545777964782675,0.0,2012-Q2,107.85717813739612
JOHAN SVERDRUP,0.0,1.0031465606282686,0.0,2012-Q2,107.85717813739612
SKARV,0.0,-3.238298863621736,0.0,2012-Q2,107.85717813739612
SKOGUL,0.0,1.1123105285782702,0.0,2012-Q2,107.85717813739612
TAMBAR,0.03063592412021295,2.20568017116608,0.06757305035730235,2012-Q2,107.85717813739612
TAMBAR ØST,0.0,2.2002308843282665,0.0,2012-Q2,107.85717813739612
ULA,0.11026569334737761,2.22647606868986,0.2455039274354309,2012-Q2,107.85717813739612
VALHALL,0.32126708079595945,2.013090833835974,0.6467398155635873,2012-Q2,107.85717813739612
ALVHEIM,0.7166146363436795,0.565808664754725,0.40546677053331015,2012-Q3,108.54358953919666
BØYLA,0.0,0.5734549116324624,0.0,2012-Q3,108.54358953919666
EDVARD GRIEG,0.0,0.8165219051691283,0.0,2012-Q3,108.54358953919666
HOD,0.00234008159495035,1.6623674992866249,0.0038900755891242704,2012-Q3,108.54358953919666
IVAR AASEN,0.0,0.8165219051691283,0.0,2012-Q3,108.54358953919666
JOHAN SVERDRUP,0.0,0.463242229564129,0.0,2012-Q3,108.54358953919666
SKARV,0.0,-3.7246528187442096,0.0,2012-Q3,108.54358953919666
SKOGUL,0.0,0.5734549116324624,0.0,2012-Q3,108.54358953919666
TAMBAR,0.04014802270517766,1.588635840315277,0.06378058778723672,2012-Q3,108.54358953919666
TAMBAR ØST,0.0,1.7117536497074592,0.0,2012-Q3,108.54358953919666
ULA,0.11222356218122517,1.5874188159122908,0.1781457941951798,2012-Q3,108.54358953919666
VALHALL,0.1286736971749673,1.6623674992866249,0.21390297219671484,2012-Q3,108.54358953919666
ALVHEIM,0.8974759027473154,-0.5639020739280105,-0.5060885228596246,2012-Q4,109.98144498922454
BØYLA,0.0,-0.5645083164366757,0.0,2012-Q4,109.98144498922454
EDVARD GRIEG,0.0,-0.2813427805966769,0.0,2012-Q4,109.98144498922454
HOD,0.0,0.5645535921633225,0.0,2012-Q4,109.98144498922454
IVAR AASEN,0.0,-0.2813427805966769,0.0,2012-Q4,109.98144498922454
JOHAN SVERDRUP,0.0,-0.614266028156675,0.0,2012-Q4,109.98144498922454
SKARV,0.0,-4.892399707756681,0.0,2012-Q4,109.98144498922454
SKOGUL,0.0,-0.5645083164366757,0.0,2012-Q4,109.98144498922454
TAMBAR,0.017297355561452853,0.5819092078996305,0.0100654904735233,2012-Q4,109.98144498922454
TAMBAR ØST,0.0,0.5645535921633225,0.0,2012-Q4,109.98144498922454
ULA,0.08522674169123179,0.5850870687593027,0.04986506447602908,2012-Q4,109.98144498922454
VALHALL,0.0,0.5645535921633225,0.0,2012-Q4,109.98144498922454
ALVHEIM,0.6449169287768665,-0.0259010806129785,-0.016704045360924152,2013-Q1,112.24190290991288
BØYLA,0.0,-0.011498041293792541,0.0,2013-Q1,112.24190290991288
EDVARD GRIEG,0.0,0.399316084506206,0.0,2013-Q1,112.24190290991288
HOD,0.0,1.1264840394062048,0.0,2013-Q1,112.24190290991288
IVAR AASEN,0.0,0.399316084506206,0.0,2013-Q1,112.24190290991288
JOHAN SVERDRUP,0.0,0.12948615960620677,0.0,2013-Q1,112.24190290991288
SKARV,0.0323222945939088,-4.3181206847642315,-0.1395715688650007,2013-Q1,112.24190290991288
SKOGUL,0.0,-0.011498041293792541,0.0,2013-Q1,112.24190290991288
TAMBAR,0.04498677884316409,1.3205020861345529,0.05940513531087195,2013-Q1,112.24190290991288
TAMBAR ØST,0.0,1.1264840394062048,0.0,2013-Q1,112.24190290991288
ULA,0.1579360668296404,1.2212032431383122,0.19287203702086608,2013-Q1,112.24190290991288
VALHALL,0.1198379309564202,1.652695384629159,0.19805559539518344,2013-Q1,112.24190290991288
ALVHEIM,0.5980091200509328,0.3627744428944636,0.21694242537228553,2013-Q2,102.53176231095358
BØYLA,0.0,0.365309248700326,0.0,2013-Q2,102.53176231095358
EDVARD GRIEG,0.0,0.45986485154699075,0.0,2013-Q2,102.53176231095358
HOD,0.0,1.3127956355503236,0.0,2013-Q2,102.53176231095358
IVAR AASEN,0.0,0.45986485154699075,0.0,2013-Q2,102.53176231095358
JOHAN SVERDRUP,0.0,0.04122492327699293,0.0,2013-Q2,102.53176231095358
SKARV,0.08992955514237996,-4.024428308496956,-0.361915047485532,2013-Q2,102.53176231095358
SKOGUL,0.0,0.365309248700326,0.0,2013-Q2,102.53176231095358
TAMBAR,0.022675093285536532,1.2146557317542797,0.02754243202733993,2013-Q2,102.53176231095358
TAMBAR ØST,0.0,1.3127956355503236,0.0,2013-Q2,102.53176231095358
ULA,0.079004024506037,1.2241857807964567,0.09671560342598526,2013-Q2,102.53176231095358
VALHALL,0.21038220701511368,1.2360802895768974,0.2600492993690685,2013-Q2,102.53176231095358
ALVHEIM,0.3351176090036723,0.4507118898402084,0.15104149087277716,2013-Q3,110.37509769739268
BØYLA,0.0,0.4475784022193028,0.0,2013-Q3,110.37509769739268
EDVARD GRIEG,0.0,0.6890088836626336,0.0,2013-Q3,110.37509769739268
HOD,0.010508386265724812,1.533125970147661,0.016110679888325707,2013-Q3,110.37509769739268
IVAR AASEN,0.0,0.6890088836626336,0.0,2013-Q3,110.37509769739268
JOHAN SVERDRUP,0.0,0.33361478699763786,0.0,2013-Q3,110.37509769739268
SKARV,0.14235972586768214,-3.793976591467222,-0.5401094675096768,2013-Q3,110.37509769739268
SKOGUL,0.0,0.4475784022193028,0.0,2013-Q3,110.37509769739268
TAMBAR,0.007181968351810156,1.4641190362726024,0.010515256581792618,2013-Q3,110.37509769739268
TAMBAR ØST,0.0,1.6150435117943003,0.0,2013-Q3,110.37509769739268
ULA,0.06646922195982354,1.5330487337341892,0.10190055655780422,2013-Q3,110.37509769739268
VALHALL,0.43836308855128714,1.6017077737657464,0.702129566664559,2013-Q3,110.37509769739268
ALVHEIM,0.3639196738608434,-0.14331369083206497,-0.05215467162739881,2013-Q4,109.22010550524523
BØYLA,0.0,-0.14035661684813538,0.0,2013-Q4,109.22010550524523
EDVARD GRIEG,0.0,0.10629250442519729,0.0,2013-Q4,109.22010550524523
HOD,0.010800190939005362,1.0326905917843343,0.011153255572185255,2013-Q4,109.22010550524523
IVAR AASEN,0.0,0.10629250442519729,0.0,2013-Q4,109.22010550524523
JOHAN SVERDRUP,0.0,-0.24432248308480098,0.0,2013-Q4,109.22010550524523
SKARV,0.11435269550987194,-4.540498911587376,-0.5192182894996562,2013-Q4,109.22010550524523
SKOGUL,0.0,-0.14035661684813538,0.0,2013-Q4,109.22010550524523
TAMBAR,0.03583529446595943,1.0015707627139785,0.035891583210351005,2013-Q4,109.22010550524523
TAMBAR ØST,0.0,0.9781386258018626,0.0,2013-Q4,109.22010550524523
ULA,0.06970715271289145,0.9581434758500386,0.06678945359193926,2013-Q4,109.22010550524523
VALHALL,0.40538499251142845,0.9769758389065601,0.3960513431389824,2013-Q4,109.22010550524523
ALVHEIM,0.3348526172531612,-0.7746971174866566,-0.2594093573688866,2014-Q1,108.13228597177043
BØYLA,0.0,-0.7930459907531393,0.0,2014-Q1,108.13228597177043
EDVARD GRIEG,0.0,-0.5446657891998092,0.0,2014-Q1,108.13228597177043
HOD,0.011997089197081895,0.30802844747707875,0.0036954447596211685,2014-Q1,108.13228597177043
IVAR AASEN,0.0,-0.5446657891998092,0.0,2014-Q1,108.13228597177043
JOHAN SVERDRUP,0.0,-0.8923819847298065,0.0,2014-Q1,108.13228597177043
SKARV,0.15109628423586305,-5.187184349353665,-0.7837642808337617,2014-Q1,108.13228597177043
SKOGUL,0.0,-0.7930459907531393,0.0,2014-Q1,108.13228597177043
TAMBAR,0.03609548113201972,0.29004155406513005,0.01046918944225958,2014-Q1,108.13228597177043
TAMBAR ØST,0.0,0.2797458685968575,0.0,2014-Q1,108.13228597177043
ULA,0.0764478875308472,0.3452448631709763,0.02639324047029753,2014-Q1,108.13228597177043
VALHALL,0.38951064065102703,0.27599250945122283,0.10750201917123042,2014-Q1,108.13228597177043
ALVHEIM,0.3596245565127164,0.48399435290670106,0.17405625451873152,2014-Q2,109.66136476025828
BØYLA,0.0,0.49137999155890205,0.0,2014-Q2,109.66136476025828
EDVARD GRIEG,0.0,0.7506017163722335,0.0,2014-Q2,109.66136476025828
HOD,0.01050282961715206,1.6633590463172356,0.017469976655618467,2014-Q2,109.66136476025828
IVAR AASEN,0.0,0.7506017163722335,0.0,2014-Q2,109.66136476025828
JOHAN SVERDRUP,0.0,0.40572069135223615,0.0,2014-Q2,109.66136476025828
SKARV,0.16192469787044012,-3.8318291924490064,-0.620467784278438,2014-Q2,109.66136476025828
SKOGUL,0.0,0.49137999155890205,0.0,2014-Q2,109.66136476025828
TAMBAR,0.03563166872710735,1.598998614023217,0.05697498890997907,2014-Q2,109.66136476025828
TAMBAR ØST,0.0,1.6215270084588986,0.0,2014-Q2,109.66136476025828
ULA,0.1008240120966749,1.622845130859252,0.16362175710478316,2014-Q2,109.66136476025828
VALHALL,0.3314922351759091,1.6265462479872403,0.5391874513622789,2014-Q2,109.66136476025828
ALVHEIM,0.3631696983896563,1.9439206705180359,0.7059730836054534,2014-Q3,102.41702984232612
BØYLA,0.0,1.9450185547110603,0.0,2014-Q3,102.41702984232612
EDVARD GRIEG,0.0,1.9315931974577243,0.0,2014-Q3,102.41702984232612
HOD,0.009935633445636803,2.9784948194132808,0.02959323274541854,2014-Q3,102.41702984232612
IVAR AASEN,0.0,1.9315931974577243,0.0,2014-Q3,102.41702984232612
JOHAN SVERDRUP,0.0,1.457145748737726,0.0,2014-Q3,102.41702984232612
SKARV,0.17160978752639358,-2.369091962831558,-0.40655936837201034,2014-Q3,102.41702984232612
SKOGUL,0.0,1.9450185547110603,0.0,2014-Q3,102.41702984232612
TAMBAR,0.032419707168687265,2.9444246824885547,0.09545738598653393,2014-Q3,102.41702984232612
TAMBAR ØST,0.0,2.939580321911057,0.0,2014-Q3,102.41702984232612
ULA,0.1037195283241886,2.94833944529868,0.3058003766059789,2014-Q3,102.41702984232612
VALHALL,0.3191456451454374,2.9470071122195307,0.9405244860774946,2014-Q3,102.41702984232612
ALVHEIM,0.40936642955627683,0.03163785955607654,0.012951477605273997,2014-Q4,75.95231159306914
BØYLA,0.0,0.020886426482380555,0.0,2014-Q4,75.95231159306914
EDVARD GRIEG,0.0,-0.6600660096442885,0.0,2014-Q4,75.95231159306914
HOD,0.011845621073383087,0.40008598535977186,0.004739266979342949,2014-Q4,75.95231159306914
IVAR AASEN,0.0,-0.6600660096442885,0.0,2014-Q4,75.95231159306914
JOHAN SVERDRUP,0.0,-1.4400828742542853,0.0,2014-Q4,75.95231159306914
SKARV,0.08289736993495686,-4.750477070475276,-0.3938020550787193,2014-Q4,75.95231159306914
SKOGUL,0.0,0.020886426482380555,0.0,2014-Q4,75.95231159306914
TAMBAR,0.025213123741779746,0.32896525362482776,0.00829424164638874,2014-Q4,75.95231159306914
TAMBAR ØST,0.0,0.4221923928323769,0.0,2014-Q4,75.95231159306914
ULA,0.08781751724072226,0.5166840725284173,0.04537391244727089,2014-Q4,75.95231159306914
VALHALL,0.3828599384528811,0.43605013547031385,0.16694612802853478,2014-Q4,75.95231159306914
ALVHEIM,0.32690691625668167,-0.7574846957639657,-0.2476269860038287,2015-Q1,54.116921498136804
BØYLA,0.07586508932893704,-0.8430393416033625,-0.06395725495854736,2015-Q1,54.116921498136804
EDVARD GRIEG,0.0,-2.030071510544556,0.0,2015-Q1,54.116921498136804
HOD,0.011114489339676056,-0.8887179860013986,-0.00987764658139092,2015-Q1,54.116921498136804
IVAR AASEN,0.0,-2.030071510544556,0.0,2015-Q1,54.116921498136804
JOHAN SVERDRUP,0.0,-3.0724299400345543,0.0,2015-Q1,54.116921498136804
SKARV,0.15263684549508397,-5.6553004922634225,-0.8632072274658842,2015-Q1,54.116921498136804
SKOGUL,0.0,-0.7736505731378854,0.0,2015-Q1,54.116921498136804
TAMBAR,0.025656723943388117,-0.9056034303868812,-0.02323481721562151,2015-Q1,54.116921498136804
TAMBAR ØST,0.0,-0.90815968958789,0.0,2015-Q1,54.116921498136804
ULA,0.06373956706260622,-0.8517973293238215,-0.0542931929961846,2015-Q1,54.116921498136804
VALHALL,0.3440803685736269,-0.9179265994532242,-0.31584052266340146,2015-Q1,54.116921498136804
ALVHEIM,0.27821681462703995,0.9512991040945423,0.2646674064987405,2015-Q2,61.69904690335558
BØYLA,0.08014748104150349,0.9242111007067754,0.07407319167224334,2015-Q2,61.69904690335558
EDVARD GRIEG,0.0,-0.184075829557986,0.0,2015-Q2,61.69904690335558
HOD,0.010463119460215787,0.9435310701637076,0.009872278301548116,2015-Q2,61.69904690335558
IVAR AASEN,0.0,-0.184075829557986,0.0,2015-Q2,61.69904690335558
JOHAN SVERDRUP,0.0,-1.1622117929179827,0.0,2015-Q2,61.69904690335558
SKARV,0.13033365613199804,-3.8258211435587346,-0.49863325734711167,2015-Q2,61.69904690335558
SKOGUL,0.0,0.9233292566020171,0.0,2015-Q2,61.69904690335558
TAMBAR,0.02908210100336281,1.0256385863502566,0.02982772496118441,2015-Q2,61.69904690335558
TAMBAR ØST,0.0,1.0107784230020134,0.0,2015-Q2,61.69904690335558
ULA,0.06849760178458382,0.9736587187304429,0.06669328718968599,2015-Q2,61.69904690335558
VALHALL,0.40325922595129615,0.9402428445405834,0.3791616016956805,2015-Q2,61.69904690335558
ALVHEIM,0.3057265641382984,1.3279816669594537,0.4059992722781638,2015-Q3,49.882212523967056
BØYLA,0.10425958906270352,1.3127190245251816,0.13686354605178844,2015-Q3,49.882212523967056
EDVARD GRIEG,0.0,-0.08524212699182139,0.0,2015-Q3,49.882212523967056
HOD,0.010158928002821106,1.2690391963808025,0.012892077828790526,2015-Q3,49.882212523967056
IVAR AASEN,0.0,-0.08524212699182139,0.0,2015-Q3,49.882212523967056
JOHAN SVERDRUP,0.0,-1.2164175580518182,0.0,2015-Q3,49.882212523967056
SKARV,0.11505979461425339,-3.36206366249023,-0.38683835448617043,2015-Q3,49.882212523967056
SKOGUL,0.0,1.3519291985681818,0.0,2015-Q3,49.882212523967056
TAMBAR,0.01728972069214299,0.8368122249485859,0.014468249641131782,2015-Q3,49.882212523967056
TAMBAR ØST,0.0,1.1930561652681773,0.0,2015-Q3,49.882212523967056
ULA,0.047877086582748335,0.7571290081719393,0.036249131078558317,2015-Q3,49.882212523967056
VALHALL,0.39962831690703227,1.1703604774842655,0.46770918779154763,2015-Q3,49.882212523967056
ALVHEIM,0.25379334505058787,-0.6233787199016334,-0.15820937055718898,2015-Q4,43.37635644684539
BØYLA,0.0834764815592574,-0.6282811481150522,-0.05244669967465522,2015-Q4,43.37635644684539
EDVARD GRIEG,0.06518635145526842,-2.1130497536412287,-0.1377420038833255,2015-Q4,43.37635644684539
HOD,0.011118785492632262,-0.9431790723110646,-0.010487005786166617,2015-Q4,43.37635644684539
IVAR AASEN,0.0,-2.1693770895751325,0.0,2015-Q4,43.37635644684539
JOHAN SVERDRUP,0.0,-3.3552903385151294,0.0,2015-Q4,43.37635644684539
SKARV,0.11105084399397813,-5.5614581759830894,-0.6176046242801323,2015-Q4,43.37635644684539
SKOGUL,0.0,-0.605071262868465,0.0,2015-Q4,43.37635644684539
TAMBAR,0.024661304330806096,-0.9468058413530647,-0.023349466995792843,2015-Q4,43.37635644684539
TAMBAR ØST,0.0,-0.9545278411684673,0.0,2015-Q4,43.37635644684539
ULA,0.09428475317132205,-0.9510934922938529,-0.08967361516377662,2015-Q4,43.37635644684539
VALHALL,0.3564281349461477,-0.9656554800034033,-0.34418678173814005,2015-Q4,43.37635644684539
ALVHEIM,0.24136667853443353,-0.7082272646580827,-0.17094246251804862,2016-Q1,33.68764191307029
BØYLA,0.063942671012617,-0.7082374723123583,-0.04528659569087658,2016-Q1,33.68764191307029
EDVARD GRIEG,0.2814086757416854,-2.513361758462166,-0.707281804108632,2016-Q1,33.68764191307029
HOD,0.009612798475564453,-1.3084703681794516,-0.012578061960556691,2016-Q1,33.68764191307029
IVAR AASEN,0.0,-2.5243011043145502,0.0,2016-Q1,33.68764191307029
JOHAN SVERDRUP,0.0,-3.821045365349548,0.0,2016-Q1,33.68764191307029
SKARV,0.0826436273166337,-5.796061132185882,-0.479007516112796,2016-Q1,33.68764191307029
SKOGUL,0.0,-0.7155402986712155,0.0,2016-Q1,33.68764191307029
TAMBAR,0.018807425282739407,-1.3088435547416477,-0.024615977362598587,2016-Q1,33.68764191307029
TAMBAR ØST,0.0,-1.3062849907462188,0.0,2016-Q1,33.68764191307029
ULA,0.06055867343504635,-1.302199701984488,-0.07885948649969328,2016-Q1,33.68764191307029
VALHALL,0.2416594502012801,-1.2964293708403418,-0.3132944089820685,2016-Q1,33.68764191307029
ALVHEIM,0.2792918288405348,0.09221588713251551,0.025755143765392594,2016-Q2,45.351220472527544
BØYLA,0.06077729177736968,0.09050891093078856,0.0055008864880924995,2016-Q2,45.351220472527544
EDVARD GRIEG,0.34229092764680735,-1.416345585549358,-0.4848022443461504,2016-Q2,45.351220472527544
HOD,0.006739396292033932,-0.27000481484115035,-0.0018196694479717572,2016-Q2,45.351220472527544
IVAR AASEN,0.0,-1.4187829479221168,0.0,2016-Q2,45.351220472527544
JOHAN SVERDRUP,0.0,-2.579091132097114,0.0,2016-Q2,45.351220472527544
SKARV,0.08242487435268861,-4.846307106109208,-0.3994562542955934,2016-Q2,45.351220472527544
SKOGUL,0.0,0.09022080682788432,0.0,2016-Q2,45.351220472527544
TAMBAR,0.014160724936605236,-0.2630114745125515,-0.0037244331457432006,2016-Q2,45.351220472527544
TAMBAR ØST,0.0,-0.2165865597471178,0.0,2016-Q2,45.351220472527544
ULA,0.045375994144564905,-0.26332541874974164,-0.011948652659303375,2016-Q2,45.351220472527544
VALHALL,0.16893896200939565,-0.27062533926950966,-0.04571916390963149,2016-Q2,45.351220472527544
ALVHEIM,0.25198905341982414,0.024636071395625212,0.006208020310966801,2016-Q3,45.77872273658737
BØYLA,0.04130256891216908,0.026822079679189342,0.0011078207943174079,2016-Q3,45.77872273658737
EDVARD GRIEG,0.3309588811842704,-1.4915650711591706,-0.49364670716437575,2016-Q3,45.77872273658737
HOD,0.009847783107833682,-0.22160261698288275,-0.00218229450817577,2016-Q3,45.77872273658737
IVAR AASEN,0.0,-1.4884029117295148,0.0,2016-Q3,45.77872273658737
JOHAN SVERDRUP,0.0,-2.663285202519512,0.0,2016-Q3,45.77872273658737
SKARV,0.05199571019771994,-4.807970470498958,-0.24999383922325902,2016-Q3,45.77872273658737
SKOGUL,0.0,0.047151910410486796,0.0,2016-Q3,45.77872273658737
TAMBAR,0.015843706260087718,-0.2119661479710924,-0.003358329385536276,2016-Q3,45.77872273658737
TAMBAR ØST,0.0,-0.22897626613951574,0.0,2016-Q3,45.77872273658737
ULA,0.048491586990270785,-0.22806238853865848,-0.011059107153031291,2016-Q3,45.77872273658737
VALHALL,0.24957070992782426,-0.22242208361367818,-0.055510037311091553,2016-Q3,45.77872273658737
ALVHEIM,0.3014192715460208,-0.0559988946382946,-0.01687914602925712,2016-Q4,49.30460234628815
BØYLA,0.039806993793240195,-0.0817013844457538,-0.0032522865035312523,2016-Q4,49.30460234628815
EDVARD GRIEG,0.31329567777182676,-1.4323500201555108,-0.44874907037111056,2016-Q4,49.30460234628815
HOD,0.008405639206507658,-0.3010077372348094,-0.0025301624375630694,2016-Q4,49.30460234628815
IVAR AASEN,0.0035448100490434007,-1.1862494190373747,-0.004205028861275582,2016-Q4,49.30460234628815
JOHAN SVERDRUP,0.0,-2.5491875891648554,0.0,2016-Q4,49.30460234628815
SKARV,0.059619594714767396,-5.0076666804233945,-0.2985550579534874,2016-Q4,49.30460234628815
SKOGUL,0.0,-0.06813547314818987,0.0,2016-Q4,49.30460234628815
TAMBAR,0.012479911883120809,-0.3360150526456307,-0.00419343824841967,2016-Q4,49.30460234628815
TAMBAR ØST,0.0,-0.3124567899981922,0.0,2016-Q4,49.30460234628815
ULA,0.031918645150145204,-0.32163113388270653,-0.010266030031640953,2016-Q4,49.30460234628815
VALHALL,0.22950945588532778,-0.3162080936127631,-0.07257274751160205,2016-Q4,49.30460234628815
ALVHEIM,0.31812125829762994,-0.21013312516562738,-0.06684781418770273,2017-Q1,53.589618204681734
BØYLA,0.02568718790082314,-0.1999353143075671,-0.005135775986628609,2017-Q1,53.589618204681734
EDVARD GRIEG,0.3254640794933018,-1.4679167333092937,-0.4777541683793239,2017-Q1,53.589618204681734
HOD,0.006615214013239671,-0.3509054993305448,-0.0023213149764942835,2017-Q1,53.589618204681734
IVAR AASEN,0.06316462563743892,-1.453112988308037,-0.09178533791537732,2017-Q1,53.589618204681734
JOHAN SVERDRUP,0.0,-2.5041170270214255,0.0,2017-Q1,53.589618204681734
SKARV,0.04891044962111104,-5.103337552772174,-0.24960653427438745,2017-Q1,53.589618204681734
SKOGUL,0.0,-0.21802772496475828,0.0,2017-Q1,53.589618204681734
TAMBAR,0.011007205543892066,-0.3213364640274725,-0.0035370165082978687,2017-Q1,53.589618204681734
TAMBAR ØST,0.0,-0.3684808892147624,0.0,2017-Q1,53.589618204681734
ULA,0.03306396930297121,-0.3621079665270553,-0.011972726689611881,2017-Q1,53.589618204681734
VALHALL,0.16796601018959206,-0.35086439801356273,-0.05893329305191117,2017-Q1,53.589618204681734
ALVHEIM,0.29895130491861144,1.154853254477548,0.34524488741556825,2017-Q2,49.66844094006644
BØYLA,0.0254458652814372,1.151059306937985,0.029289700055288442,2017-Q2,49.66844094006644
EDVARD GRIEG,0.35447685091704906,-0.28318846109194873,-0.10038375390391927,2017-Q2,49.66844094006644
HOD,0.006745881661812746,0.9818557150994702,0.006623482463035556,2017-Q2,49.66844094006644
IVAR AASEN,0.07017999117106166,-0.2902840282244228,-0.020372130537890203,2017-Q2,49.66844094006644
JOHAN SVERDRUP,0.0,-1.4207333406297227,0.0,2017-Q2,49.66844094006644
SKARV,0.04203621299759305,-3.6856510843320933,-0.15493081401579367,2017-Q2,49.66844094006644
SKOGUL,0.0,1.159734628798609,0.0,2017-Q2,49.66844094006644
TAMBAR,0.013201281886481042,0.990094739655461,0.0130705197525138,2017-Q2,49.66844094006644
TAMBAR ØST,0.0,0.9831898592736072,0.0,2017-Q2,49.66844094006644
ULA,0.039511647699977615,0.9841107450022532,0.038883837054291534,2017-Q2,49.66844094006644
VALHALL,0.14945096346597606,0.9837721062284983,0.14702568910680164,2017-Q2,49.66844094006644
ALVHEIM,0.26225362481547587,1.4328987894929948,0.3757829015382454,2017-Q3,51.87258409230088
BØYLA,0.024982677555338173,1.4284970059686781,0.03568768008888147,2017-Q3,51.87258409230088
EDVARD GRIEG,0.399184493624959,0.07533589393019179,0.030072920670307233,2017-Q3,51.87258409230088
HOD,0.006374756261983727,1.3179157598991527,0.008401391743184165,2017-Q3,51.87258409230088
IVAR AASEN,0.07605029868178942,0.07503368559447389,0.005706334200655219,2017-Q3,51.87258409230088
JOHAN SVERDRUP,0.0,-1.0121519672754145,0.0,2017-Q3,51.87258409230088
SKARV,0.03300698503844964,-3.389970064263781,-0.1118926911919468,2017-Q3,51.87258409230088
SKOGUL,0.0,1.4228019893345856,0.0,2017-Q3,51.87258409230088
TAMBAR,0.01265978798055883,1.2688833476188253,0.016063794152916058,2017-Q3,51.87258409230088
TAMBAR ØST,0.0,1.2782360803845825,0.0,2017-Q3,51.87258409230088
ULA,0.03967550290649718,1.274547879339635,0.050568328091209494,2017-Q3,51.87258409230088
VALHALL,0.14581187313494812,1.2995218927814454,0.18948572136633574,2017-Q3,51.87258409230088
ALVHEIM,0.22922885648580832,0.13868683141473317,0.03179102377483936,2017-Q4,61.445566409646105
BØYLA,0.02076808782862086,0.1328212580560093,0.0027584435528151168,2017-Q4,61.445566409646105
EDVARD GRIEG,0.36283698169530404,-0.9525430791468532,-0.34561785577239534,2017-Q4,61.445566409646105
HOD,0.00657619788744056,0.2180055897050733,0.0014336478984687364,2017-Q4,61.445566409646105
IVAR AASEN,0.11919602737397075,-0.9400695652260087,-0.11205255763011614,2017-Q4,61.445566409646105
JOHAN SVERDRUP,0.0,-1.910845111505406,0.0,2017-Q4,61.445566409646105
SKARV,0.030567231228457416,-4.6094866212019605,-0.14089924339476126,2017-Q4,61.445566409646105
SKOGUL,0.0,0.14114672081292756,0.0,2017-Q4,61.445566409646105
TAMBAR,0.005704162195928212,0.3249976509724189,0.0018538393144423436,2017-Q4,61.445566409646105
TAMBAR ØST,0.0,0.205714360137925,0.0,2017-Q4,61.445566409646105
ULA,0.03662679382554018,0.19882168266746494,0.007282200779108212,2017-Q4,61.445566409646105
VALHALL,0.18849566147892974,0.18718016828316086,0.03528264963627179,2017-Q4,61.445566409646105
ALVHEIM,0.2271021256088388,0.39972099627869107,0.09077748790537349,2018-Q1,66.85368612947303
BØYLA,0.018930942610729175,0.3977399333688066,0.007529591852600125,2018-Q1,66.85368612947303
EDVARD GRIEG,0.3699216306740673,-0.5512840572167726,-0.2039318974102443,2018-Q1,66.85368612947303
HOD,0.005655932602748689,0.5145716306215627,0.002910382462082052,2018-Q1,66.85368612947303
IVAR AASEN,0.11449672515603776,-0.57219832739465,-0.06551483462644976,2018-Q1,66.85368612947303
JOHAN SVERDRUP,0.0,-1.4520785809299896,0.0,2018-Q1,66.85368612947303
SKARV,0.04077601435401454,-4.333147683326767,-0.1766884921333971,2018-Q1,66.85368612947303
SKOGUL,0.0,0.38192757666501026,0.0,2018-Q1,66.85368612947303
TAMBAR,0.009769156700936782,0.7945840705279841,0.007762416297056079,2018-Q1,66.85368612947303
TAMBAR ØST,0.0,0.5619813470400059,0.0,2018-Q1,66.85368612947303
ULA,0.039638095530719585,0.5604893103772043,0.02221672882867877,2018-Q1,66.85368612947303
VALHALL,0.17370937676190754,0.5440517364890453,0.09450688807174559,2018-Q1,66.85368612947303
ALVHEIM,0.22137534931871083,1.1671011786764716,0.25836743111978305,2018-Q2,74.53867294298117
BØYLA,0.018431860871401584,1.1489977690543192,0.021178167020760016,2018-Q2,74.53867294298117
EDVARD GRIEG,0.3621754068724591,0.3663664953112114,0.13268893450377484,2018-Q2,74.53867294298117
HOD,0.005680206048233407,1.4950275548973964,0.008492064559603794,2018-Q2,74.53867294298117
IVAR AASEN,0.11392158491506049,0.40304510561224866,0.04591553722360532,2018-Q2,74.53867294298117
JOHAN SVERDRUP,0.0,-0.44327664354655383,0.0,2018-Q2,74.53867294298117
SKARV,0.04082776628671662,-3.4633392052487593,-0.1414004036435192,2018-Q2,74.53867294298117
SKOGUL,0.0,1.1490707496434442,0.0,2018-Q2,74.53867294298117
TAMBAR,0.031182629270404934,1.253129738154975,0.039075880052606204,2018-Q2,74.53867294298117
TAMBAR ØST,0.0,1.5339928727934424,0.0,2018-Q2,74.53867294298117
ULA,0.03459890800166142,1.325609904486776,0.04586465513142914,2018-Q2,74.53867294298117
VALHALL,0.1718062884153519,1.4889998572749503,0.2558195389293979,2018-Q2,74.53867294298117
ALVHEIM,0.21143441767089416,1.9378200975831776,0.40972186388345444,2018-Q3,75.18418354698943
BØYLA,0.017172772755909102,1.9546322295463985,0.03356645509937626,2018-Q3,75.18418354698943
EDVARD GRIEG,0.35266920948124125,1.1877204076770327,0.41887241726019675,2018-Q3,75.18418354698943
HOD,0.005050092920656815,2.3867116666585684,0.012053115691441465,2018-Q3,75.18418354698943
IVAR AASEN,0.12402485956608944,1.1706010518649133,0.14518363106546248,2018-Q3,75.18418354698943
JOHAN SVERDRUP,0.0,0.34564579408048574,0.0,2018-Q3,75.18418354698943
SKARV,0.03909301015546442,-2.5138771627517724,-0.0982750254530451,2018-Q3,75.18418354698943
SKOGUL,0.0,1.95560155882882,0.0,2018-Q3,75.18418354698943
TAMBAR,0.023692793252854744,2.4319414868943303,0.05761948685202752,2018-Q3,75.18418354698943
TAMBAR ØST,0.0,2.379107969903817,0.0,2018-Q3,75.18418354698943
ULA,0.03857216311216637,2.4120200446179245,0.09303683059081741,2018-Q3,75.18418354698943
VALHALL,0.18829068108472363,2.3858116508448677,0.4492261006774491,2018-Q3,75.18418354698943
ALVHEIM,0.2262007804782833,0.17129392381532288,0.03874681925821363,2018-Q4,67.361707160894
BØYLA,0.012340789273284209,0.14339084546461067,0.001769556207596821,2018-Q4,67.361707160894
EDVARD GRIEG,0.35970864209757014,-0.7829271840748427,-0.281625674244836,2018-Q4,67.361707160894
HOD,0.004537567376740313,0.38273663944704195,0.001736693289038117,2018-Q4,67.361707160894
IVAR AASEN,0.11345596239942621,-0.7742314968493911,-0.087841179594996,2018-Q4,67.361707160894
JOHAN SVERDRUP,0.0,-1.6800829299461058,0.0,2018-Q4,67.361707160894
SKARV,0.03737974716066897,-4.500252375627898,-0.16821829596017068,2018-Q4,67.361707160894
SKOGUL,0.0,0.16063699105055873,0.0,2018-Q4,67.361707160894
TAMBAR,0.015024014132101676,0.3874508414370277,0.005821066917244589,2018-Q4,67.361707160894
TAMBAR ØST,0.0,0.3816964327005567,0.0,2018-Q4,67.361707160894
ULA,0.036026749076547446,0.38379410764819794,0.013826854013299066,2018-Q4,67.361707160894
VALHALL,0.1953257480053777,0.3763349607411857,0.07350790770734655,2018-Q4,67.361707160894
ALVHEIM,0.2230136809312816,0.4661202673788142,0.10395119658482253,2019-Q1,63.10618329073105
BØYLA,0.00998162939730745,0.5430110294166879,0.005420134854287792,2019-Q1,63.10618329073105
EDVARD GRIEG,0.3457477738068455,-0.5382354690284324,-0.18609371520046386,2019-Q1,63.10618329073105
HOD,0.003894999353479616,0.6466311298203002,0.0025186278325898637,2019-Q1,63.10618329073105
IVAR AASEN,0.12057442969031928,-0.5452211897801115,-0.06573973401281429,2019-Q1,63.10618329073105
JOHAN SVERDRUP,0.0,-1.4841214477832565,0.0,2019-Q1,63.10618329073105
SKARV,0.025793952468476964,-4.274736868271223,-0.11026235959543398,2019-Q1,63.10618329073105
SKOGUL,0.0,0.46048196613507697,0.0,2019-Q1,63.10618329073105
TAMBAR,0.01127228007064981,0.6248573998502559,0.0070435676153301,2019-Q1,63.10618329073105
TAMBAR ØST,0.0,0.5419517902600733,0.0,2019-Q1,63.10618329073105
ULA,0.03542460512149992,0.5980719409556624,0.021186462342603355,2019-Q1,63.10618329073105
VALHALL,0.2242966491601398,0.5708017817228134,0.12802892697506457,2019-Q1,63.10618329073105
ALVHEIM,0.24163807895207756,0.8504699409685774,0.20550592274213383,2019-Q2,69.36774468296002
BØYLA,0.01465847008026987,0.8506452325946765,0.012469157690913269,2019-Q2,69.36774468296002
EDVARD GRIEG,0.39364332561592486,-0.01976629027179539,-0.007780868237679234,2019-Q2,69.36774468296002
HOD,0.004439540778026085,1.217169597754804,0.0054036740630060585,2019-Q2,69.36774468296002
IVAR AASEN,0.12269277434716891,-0.011049591345036455,-0.0013557050175249889,2019-Q2,69.36774468296002
JOHAN SVERDRUP,0.0,-0.9062492091081621,0.0,2019-Q2,69.36774468296002
SKARV,0.04397853368821491,-3.839524009361241,-0.1688566359924033,2019-Q2,69.36774468296002
SKOGUL,0.0,0.8481536569251724,0.0,2019-Q2,69.36774468296002
TAMBAR,0.008973088225532229,1.2506946994665138,0.011222593881518547,2019-Q2,69.36774468296002
TAMBAR ØST,0.0,1.0782889092251688,0.0,2019-Q2,69.36774468296002
ULA,0.022088534854605192,1.2120440205272345,0.026772276592731632,2019-Q2,69.36774468296002
VALHALL,0.1478876534581804,1.227963770682077,0.18160068057783146,2019-Q2,69.36774468296002
ALVHEIM,0.1903685314792272,1.4857381190231713,0.2828377838811505,2019-Q3,61.89254737943767
BØYLA,0.02658338574098116,1.1635203960621552,0.030930311506019444,2019-Q3,61.89254737943767
EDVARD GRIEG,0.3704101696928147,0.3505829476587689,0.12985948913369177,2019-Q3,61.89254737943767
HOD,0.0036982947253856556,1.5064077007740182,0.005571139654052885,2019-Q3,61.89254737943767
IVAR AASEN,0.11713716588437567,0.38091580128715885,0.04461939740335381,2019-Q3,61.89254737943767
JOHAN SVERDRUP,0.0,-0.6274145389803856,0.0,2019-Q3,61.89254737943767
SKARV,0.035502193300721206,-3.2102801429040047,-0.11397198618284488,2019-Q3,61.89254737943767
SKOGUL,0.0,1.46336893461128,0.0,2019-Q3,61.89254737943767
TAMBAR,0.014571497492564828,1.39910855309557,0.020387106773258105,2019-Q3,61.89254737943767
TAMBAR ØST,0.0,1.5631938688362779,0.0,2019-Q3,61.89254737943767
ULA,0.029863189221125807,1.5505688980678418,0.046304932403392486,2019-Q3,61.89254737943767
VALHALL,0.21186557246280374,1.5585749908588615,0.33020838266452185,2019-Q3,61.89254737943767
ALVHEIM,0.12068158740703666,0.06379614116712484,0.0076990195864920265,2019-Q4,63.89416651096337
BØYLA,0.02933645905950326,0.05821594925291974,0.0017078498118683993,2019-Q4,63.89416651096337
EDVARD GRIEG,0.2288814273803974,-0.9308274907235276,-0.21304912472171467,2019-Q4,63.89416651096337
HOD,0.0026696837400232726,0.14631060617456867,0.0003906030462971947,2019-Q4,63.89416651096337
IVAR AASEN,0.08307207791821428,-0.931945377871647,-0.07741863904607311,2019-Q4,63.89416651096337
JOHAN SVERDRUP,0.33498935429486065,-1.8737919983326674,-0.6277003716043368,2019-Q4,63.89416651096337
SKARV,0.02157283409680157,-4.720883540624636,-0.10184283741221647,2019-Q4,63.89416651096337
SKOGUL,0.0,0.06619841593213745,0.0,2019-Q4,63.89416651096337
TAMBAR,0.01185286580124646,0.1534899928104112,0.0018192962866160883,2019-Q4,63.89416651096337
TAMBAR ØST,0.0,0.14650392280713467,0.0,2019-Q4,63.89416651096337
ULA,0.014956383834597242,0.14679200214766472,0.0021954775279694957,2019-Q4,63.89416651096337
VALHALL,0.15198732646731916,0.14779153138505932,0.022462439729726055,2019-Q4,63.89416651096337
ALVHEIM,0.10450946069563366,0.2513337482621606,0.026266754485490554,2020-Q1,49.90014415077999
BØYLA,0.02598506714517579,0.2355739969587871,0.006121406128631519,2020-Q1,49.90014415077999
EDVARD GRIEG,0.20013695177862267,-1.0939859570740393,-0.21894701473741734,2020-Q1,49.90014415077999
HOD,0.002446709782172026,-0.09859235458160641,-0.0002412268784021893,2020-Q1,49.90014415077999
IVAR AASEN,0.07057495406328358,-1.1208986363682152,-0.07910736977128399,2020-Q1,49.90014415077999
JOHAN SVERDRUP,0.3994570752724932,-2.2275301732216644,-0.8898026880763561,2020-Q1,49.90014415077999
SKARV,0.016935525988638758,-4.677726034267098,-0.07921975082106256,2020-Q1,49.90014415077999
SKOGUL,0.007042546506767523,-0.8066932974749262,-0.005681175064164815,2020-Q1,49.90014415077999
TAMBAR,0.012274611879603489,0.0693942709000946,0.0008517877419667256,2020-Q1,49.90014415077999
TAMBAR ØST,0.0,0.02130540696533482,0.0,2020-Q1,49.90014415077999
ULA,0.016063041797100667,0.06657713003803024,0.001069431222531887,2020-Q1,49.90014415077999
VALHALL,0.1445740550905088,-0.0698353174416562,-0.010096375031073176,2020-Q1,49.90014415077999
ALVHEIM,0.09004974839127634,-0.0680154561182384,-0.006124774710165263,2020-Q2,28.82464321116356
BØYLA,0.021345997500804556,-0.08370896624244546,-0.0017868513842061741,2020-Q2,28.82464321116356
EDVARD GRIEG,0.18784110899655215,-1.7476027606108386,-0.32827164063857595,2020-Q2,28.82464321116356
HOD,0.00228184231681318,-0.9635412925830004,-0.0021986492954127602,2020-Q2,28.82464321116356
IVAR AASEN,0.060566078397698155,-1.7374194693051863,-0.10522868378762504,2020-Q2,28.82464321116356
JOHAN SVERDRUP,0.44511199033491927,-2.9543762846630957,-1.3150283082646745,2020-Q2,28.82464321116356
SKARV,0.01611826900021362,-5.591095343450596,-0.09011877875157845,2020-Q2,28.82464321116356
SKOGUL,0.027540510275513436,-0.07121293649908468,-0.001961240609402527,2020-Q2,28.82464321116356
TAMBAR,0.009506382758650829,-0.9095563754175552,-0.008646591045290386,2020-Q2,28.82464321116356
TAMBAR ØST,0.0,-1.0033557121430212,0.0,2020-Q2,28.82464321116356
ULA,0.01187818639129384,-1.0083209641868183,-0.011977024354860151,2020-Q2,28.82464321116356
VALHALL,0.12775988563626448,-0.9731781712120111,-0.12433313185775552,2020-Q2,28.82464321116356
ALVHEIM,0.0789525708060347,0.31127825297623124,0.024576218308484683,2020-Q3,43.06430377899096
BØYLA,0.015245547318549907,0.29914234083972296,0.004560588712253781,2020-Q3,43.06430377899096
EDVARD GRIEG,0.17506560344260652,-1.0914593693690773,-0.19107699313168422,2020-Q3,43.06430377899096
HOD,0.0020683630264062432,-0.22292205533421858,-0.0004610837370237842,2020-Q3,43.06430377899096
IVAR AASEN,0.04875452263694911,-1.0826653163841369,-0.05278483067589007,2020-Q3,43.06430377899096
JOHAN SVERDRUP,0.4709346793277763,-2.2299664125474665,-1.0501685174047528,2020-Q3,43.06430377899096
SKARV,0.014651065548482032,-4.9343278822457535,-0.07229316124048504,2020-Q3,43.06430377899096
SKOGUL,0.027978345658689622,0.3163761667316132,0.008851681750988293,2020-Q3,43.06430377899096
TAMBAR,0.007989726038902582,-0.1819797157994669,-0.0014539680738750922,2020-Q3,43.06430377899096
TAMBAR ØST,0.0,-0.19397672173385191,0.0,2020-Q3,43.06430377899096
ULA,0.01212077757038062,-0.1968543137886011,-0.0023860273512015446,2020-Q3,43.06430377899096
VALHALL,0.1462387986252225,-0.17843846923613463,-0.02609462736961604,2020-Q3,43.06430377899096
ALVHEIM,0.08734725548801969,0.9527021395596355,0.08321591718809845,2020-Q4,44.36464813732125
BØYLA,0.011036229636552916,0.9514511112671994,0.010500432951898273,2020-Q4,44.36464813732125
EDVARD GRIEG,0.19681593552729604,-0.36559656033138926,-0.0719552290471839,2020-Q4,44.36464813732125
HOD,0.001936011766887006,0.4737385126196139,0.0009171633348591208,2020-Q4,44.36464813732125
IVAR AASEN,0.04579441228978562,-0.35832157832513656,-0.016409126090148014,2020-Q4,44.36464813732125
JOHAN SVERDRUP,0.46548227599285974,-1.4277459257893943,-0.6645904230759799,2020-Q4,44.36464813732125
SKARV,0.01702341926431488,-4.274105841408492,-0.07275989571835409,2020-Q4,44.36464813732125
SKOGUL,0.021729702326049965,0.9718896289615364,0.02111887233110933,2020-Q4,44.36464813732125
TAMBAR,0.0031868235196504174,0.44667373936923677,0.0014234703782320841,2020-Q4,44.36464813732125
TAMBAR ØST,0.0,0.4726291714139114,0.0,2020-Q4,44.36464813732125
ULA,0.0177430079699398,0.47855414029959503,0.008490989925383403,2020-Q4,44.36464813732125
VALHALL,0.1319049262186439,0.4732085170155897,0.06241853452297525,2020-Q4,44.36464813732125
ALVHEIM,0.08495637071725928,1.1371857976077802,0.09661117819596873,2021-Q1,60.708463642726066
BØYLA,0.008960655184908451,1.1198604177354972,0.010034683058555326,2021-Q1,60.708463642726066
EDVARD GRIEG,0.18515586321674288,0.2487335018947527,0.04605446625424629,2021-Q1,60.708463642726066
HOD,0.0015125801942071475,1.0926529205446123,0.0016527251667583767,2021-Q1,60.708463642726066
IVAR AASEN,0.04961913609125984,0.2861029643132679,0.014196181922372897,2021-Q1,60.708463642726066
JOHAN SVERDRUP,0.4847531950036812,-0.6160508452884047,-0.2986326155382727,2021-Q1,60.708463642726066
SKARV,0.01819170115704975,-3.868982724075333,-0.07038337749816673,2021-Q1,60.708463642726066
SKOGUL,0.016404609885474996,1.1370634391184216,0.018653082133774253,2021-Q1,60.708463642726066
TAMBAR,0.004234140256902446,0.9532067364696645,0.004036011016036807,2021-Q1,60.708463642726066
TAMBAR ØST,0.0,0.9986932685830107,0.0,2021-Q1,60.708463642726066
ULA,0.015497495483701731,1.0446766965559453,0.016189872386804208,2021-Q1,60.708463642726066
VALHALL,0.13071425280881224,1.043622791701123,0.13641637343145896,2021-Q1,60.708463642726066
ALVHEIM,0.08535170504580637,1.2640234555538716,0.10788655714941497,2021-Q2,68.79345673787886
BØYLA,0.0038001092855211773,1.2237279615007317,0.004650299989450832,2021-Q2,68.79345673787886
EDVARD GRIEG,0.20163088087275202,0.38628153088072986,0.07788628533635673,2021-Q2,68.79345673787886
HOD,0.0016987466455934074,1.370495994253065,0.002328125473036596,2021-Q2,68.79345673787886
IVAR AASEN,0.04237901541086049,0.3850739651187882,0.016319055502090278,2021-Q2,68.79345673787886
JOHAN SVERDRUP,0.5091718737653019,-0.43889907023769537,-0.22347506198677616,2021-Q2,68.79345673787886
SKARV,0.013206578423511143,-3.5542128834867297,-0.04693899117962116,2021-Q2,68.79345673787886
SKOGUL,0.015920165335832414,1.2736784435293012,0.020277171405672166,2021-Q2,68.79345673787886
TAMBAR,0.0054398583126190805,1.4303605270613096,0.007780958603176673,2021-Q2,68.79345673787886
TAMBAR ØST,0.0,1.4415707983601749,0.0,2021-Q2,68.79345673787886
ULA,0.01023993447974161,1.5204985501471286,0.015569805530048716,2021-Q2,68.79345673787886
VALHALL,0.11116113242246056,1.389278870980938,0.15443381254883853,2021-Q2,68.79345673787886
ALVHEIM,0.08896204838952597,2.1374856157250015,0.19015509877804332,2021-Q3,73.42482304819345
BØYLA,0.0026384025146986186,2.1037353808567874,0.005550500719113005,2021-Q3,73.42482304819345
EDVARD GRIEG,0.20552922345390173,1.3979619435386927,0.2873220326736148,2021-Q3,73.42482304819345
HOD,0.0012842146405397333,2.454230236321197,0.0031517584007389717,2021-Q3,73.42482304819345
IVAR AASEN,0.03783501501416413,1.3524719313502682,0.05117079582887295,2021-Q3,73.42482304819345
JOHAN SVERDRUP,0.5010509880481694,0.6184582673991424,0.3098791259468993,2021-Q3,73.42482304819345
SKARV,0.02310508997362494,-2.557717168243365,-0.059096285299348156,2021-Q3,73.42482304819345
SKOGUL,0.015348834597989315,2.1170923287430146,0.03249489998254855,2021-Q3,73.42482304819345
TAMBAR,0.008074362349974714,2.431195392905247,0.01963035254590611,2021-Q3,73.42482304819345
TAMBAR ØST,0.0,2.4579042769330104,0.0,2021-Q3,73.42482304819345
ULA,0.012266318407469591,2.489557949170619,0.030537710498373814,2021-Q3,73.42482304819345
VALHALL,0.10390550260994189,2.4569711345145757,0.25529282062985614,2021-Q3,73.42482304819345
ALVHEIM,0.08087636116240197,0.8978992413178447,0.07261882332826874,2021-Q4,79.44462840019551
BØYLA,0.005714212222813433,0.9258176718096182,0.005290318656351196,2021-Q4,79.44462840019551
EDVARD GRIEG,0.1992974717291231,0.3526485875685112,0.07028197191125056,2021-Q4,79.44462840019551
HOD,0.0011780928039586394,1.3376042323782786,0.0015758219207094694,2021-Q4,79.44462840019551
IVAR AASEN,0.035495375186700484,0.35258233777733905,0.012515042363610613,2021-Q4,79.44462840019551
JOHAN SVERDRUP,0.508326529843808,-0.35779517437648783,-0.18187677938566024,2021-Q4,79.44462840019551
SKARV,0.023619752645068482,-3.7235581531979207,-0.08794952253806293,2021-Q4,79.44462840019551
SKOGUL,0.011139221039728975,0.8883989754221397,0.009896072558695963,2021-Q4,79.44462840019551
TAMBAR,0.005576327432859143,1.3348398524518632,0.007443504087700975,2021-Q4,79.44462840019551
TAMBAR ØST,0.0,1.3298767148235304,0.0,2021-Q4,79.44462840019551
ULA,0.011878511351572751,1.3378763564724263,0.015891979487358505,2021-Q4,79.44462840019551
VALHALL,0.11689814458196489,1.338042623308652,0.1564147000363664,2021-Q4,79.44462840019551
ALVHEIM,0.0914102560340404,-0.25933341392803994,-0.023705733765343913,2022-Q1,100.26543013267656
BØYLA,0.005026624251454187,-0.20238515696899667,-0.0010173141381547215,2022-Q1,100.26543013267656
EDVARD GRIEG,0.18612166641142552,-0.16068776692050946,-0.029907474951175954,2022-Q1,100.26543013267656
HOD,0.001547331378152755,0.5538171706440659,0.0008569386858973421,2022-Q1,100.26543013267656
IVAR AASEN,0.034640947310221076,-0.1560509293981651,-0.005405752022992867,2022-Q1,100.26543013267656
JOHAN SVERDRUP,0.5234900913079207,-0.690916349759674,-0.361687863021827,2022-Q1,100.26543013267656
SKARV,0.017869099661637935,-4.853410249203695,-0.08672607144183583,2022-Q1,100.26543013267656
SKOGUL,0.009477602371862497,-0.2200878851049283,-0.0020859054618886696,2022-Q1,100.26543013267656
TAMBAR,0.004339034377106412,0.26362417878564415,0.0011438743743873569,2022-Q1,100.26543013267656
TAMBAR ØST,0.0,0.6766986434997464,0.0,2022-Q1,100.26543013267656
ULA,0.008854286957594217,0.7593264608236787,0.006723294378627274,2022-Q1,100.26543013267656
VALHALL,0.1172230599385843,0.6871079271634047,0.0805448937301522,2022-Q1,100.26543013267656
ALVHEIM,0.09980269825744983,-0.21895577992259835,-0.02185237763533968,2022-Q2,113.05614594315594
BØYLA,0.004799411086534174,-0.21714005266732186,-0.0010421443761021588,2022-Q2,113.05614594315594
EDVARD GRIEG,0.1655788245284954,0.07711853588570097,0.012769196521312958,2022-Q2,113.05614594315594
HOD,0.006144027591540187,0.7600904397002344,0.004670016633584152,2022-Q2,113.05614594315594
IVAR AASEN,0.022076652150125105,0.14260591082321156,0.003148261087795803,2022-Q2,113.05614594315594
JOHAN SVERDRUP,0.5704481856621846,-0.2617394346634931,-0.14930878562003547,2022-Q2,113.05614594315594
SKARV,0.023686475022709232,-4.3860457711702745,-0.10388996360728414,2022-Q2,113.05614594315594
SKOGUL,0.011666498383033911,-0.2390132426526292,-0.0027884476089305903,2022-Q2,113.05614594315594
TAMBAR,0.0018018415539253051,0.9516786413139019,0.001714774121902564,2022-Q2,113.05614594315594
TAMBAR ØST,0.0,1.0361728007831856,0.0,2022-Q2,113.05614594315594
ULA,0.007026271306025333,1.011535319854377,0.007107321592923967,2022-Q2,113.05614594315594
VALHALL,0.086969114457977,0.9767393763817172,0.08494615862015464,2022-Q2,113.05614594315594
ALVHEIM,0.07712280258434562,0.13843311893320373,0.010676350102620708,2022-Q3,100.1886056793055
BØYLA,0.003724121391356943,0.13248590848822106,0.0004933936058543423,2022-Q3,100.1886056793055
EDVARD GRIEG,0.21106325032513273,0.11406833198401639,0.024075632907712797,2022-Q3,100.1886056793055
HOD,0.027161552043651456,1.1790899076999142,0.03202591189213541,2022-Q3,100.1886056793055
IVAR AASEN,0.03512262523731326,0.08999572164768385,0.00316088600439316,2022-Q3,100.1886056793055
JOHAN SVERDRUP,0.49471694567204477,-0.3461105695054599,-0.17122676381055305,2022-Q3,100.1886056793055
SKARV,0.02068242774160668,-4.198806848682851,-0.08684151924884632,2022-Q3,100.1886056793055
SKOGUL,0.00952662160629634,0.1399834661459459,0.0013335695131102203,2022-Q3,100.1886056793055
TAMBAR,0.003998872501932664,1.0099916253538122,0.004038827737809637,2022-Q3,100.1886056793055
TAMBAR ØST,0.0,1.1252820937439907,0.0,2022-Q3,100.1886056793055
ULA,0.008443538355109314,1.1668551122626938,0.00985238589524544,2022-Q3,100.1886056793055
VALHALL,0.10843724254121022,1.1392544272074185,0.12353760863923838,2022-Q3,100.1886056793055
ALVHEIM,0.0649950961186387,-1.918285979787404,-0.12467918163931932,2022-Q4,88.47525026358939
BØYLA,0.00591778855082712,-1.8591348796207885,-0.011001967105063258,2022-Q4,88.47525026358939
EDVARD GRIEG,0.19520139501176853,-2.283975093386023,-0.44583512440108597,2022-Q4,88.47525026358939
HOD,0.03439765563719172,-1.2547250146151818,-0.04315959897210338,2022-Q4,88.47525026358939
IVAR AASEN,0.0318044510435915,-2.232303344994478,-0.07099718245032244,2022-Q4,88.47525026358939
JOHAN SVERDRUP,0.5241241231635538,-2.8754945526482696,-1.5071160610683498,2022-Q4,88.47525026358939
SKARV,0.018130330100510055,-6.396410478347479,-0.11596903343080125,2022-Q4,88.47525026358939
SKOGUL,0.00817399640438087,-1.9624871708316092,-0.016041363078021155,2022-Q4,88.47525026358939
TAMBAR,0.0019194494894992247,-1.122553979007414,-0.0021546856619411043,2022-Q4,88.47525026358939
TAMBAR ØST,0.0,-1.2495152629007409,0.0,2022-Q4,88.47525026358939
ULA,0.011060646026096299,-1.0971636769270687,-0.012135339063180584,2022-Q4,88.47525026358939
VALHALL,0.10427506845394224,-1.2456950893550665,-0.12989494071523924,2022-Q4,88.47525026358939
ALVHEIM,0.05385828001644857,0.5378209047560615,0.028966108887051673,2023-Q1,81.0327164904625
BØYLA,0.008552018479695913,1.0673194259496657,0.009127735454459975,2023-Q1,81.0327164904625
EDVARD GRIEG,0.1463626132384927,0.0834972445219766,0.012220874906449908,2023-Q1,81.0327164904625
HOD,0.03332596012454928,1.0364257916303294,0.03453988460392679,2023-Q1,81.0327164904625
IVAR AASEN,0.02614738385182753,0.030992718707056395,0.0008103785126451178,2023-Q1,81.0327164904625
JOHAN SVERDRUP,0.5899063496165625,-0.531864686641004,-0.3137503557863515,2023-Q1,81.0327164904625
SKARV,0.01651457363622815,-4.093037842679574,-0.06759477484880023,2023-Q1,81.0327164904625
SKOGUL,0.006735362432948388,0.5700451637502439,0.0038394607810073047,2023-Q1,81.0327164904625
TAMBAR,0.005250720064008171,1.0726227999831632,0.005632042056984219,2023-Q1,81.0327164904625
TAMBAR ØST,0.0,1.0395136113882832,0.0,2023-Q1,81.0327164904625
ULA,0.016155141668870786,1.036095367636931,0.016738267446635383,2023-Q1,81.0327164904625
VALHALL,0.0971915968703679,1.0831473045012807,0.1052728161703141,2023-Q1,81.0327164904625
ALVHEIM,0.049717844921976485,2.4232937461734547,0.12048094267264728,2023-Q2,78.2493010122161
BØYLA,0.01603319768238862,2.4228461631756657,0.03884597148821224,2023-Q2,78.2493010122161
EDVARD GRIEG,0.1324927030105648,1.7932273856027494,0.23758954343107663,2023-Q2,78.2493010122161
HOD,0.025776794102601364,2.8930074508921706,0.07457245739893911,2023-Q2,78.2493010122161
IVAR AASEN,0.026183350820367855,1.776205484501926,0.04650701132977538,2023-Q2,78.2493010122161
JOHAN SVERDRUP,0.619943612073655,1.030528870383226,0.6388697902515605,2023-Q2,78.2493010122161
SKARV,0.014143799670257588,-2.1575305524643333,-0.030515679916515707,2023-Q2,78.2493010122161
SKOGUL,0.005759179965567624,2.406526149512524,0.013859617186887123,2023-Q2,78.2493010122161
TAMBAR,0.003877771891136911,2.9554609630342443,0.011460603447806618,2023-Q2,78.2493010122161
TAMBAR ØST,0.0,2.881155683863689,0.0,2023-Q2,78.2493010122161
ULA,0.014594803451463108,2.8395201303694066,0.04144223819921439,2023-Q2,78.2493010122161
VALHALL,0.09147694241002079,2.882376613662822,0.26367099949202466,2023-Q2,78.2493010122161
ALVHEIM,0.0384470343551504,1.8632812294748284,0.07163763744292562,2023-Q3,86.20347311799367
BØYLA,0.013008585095023284,1.8858875653911629,0.024532728874037228,2023-Q3,86.20347311799367
EDVARD GRIEG,0.13383490116654503,1.2622639720485282,0.16893497394520532,2023-Q3,86.20347311799367
HOD,0.023096155513200902,2.4440371709786235,0.05644786258096587,2023-Q3,86.20347311799367
IVAR AASEN,0.024259390414259667,1.222109323669821,0.02964762721181302,2023-Q3,86.20347311799367
JOHAN SVERDRUP,0.6582974364294187,0.5477529409756491,0.3605843568409444,2023-Q3,86.20347311799367
SKARV,0.01273163495729435,-2.7148398015336896,-0.034564349320660374,2023-Q3,86.20347311799367
SKOGUL,0.004489509746733144,1.875831631469916,0.008421564392714522,2023-Q3,86.20347311799367
TAMBAR,0.003963470500390514,2.5716123681516874,0.010192509759608602,2023-Q3,86.20347311799367
TAMBAR ØST,0.0,2.2822456047539794,0.0,2023-Q3,86.20347311799367
ULA,0.013231461664103782,2.2666947942907196,0.029991685274881268,2023-Q3,86.20347311799367
VALHALL,0.07464042015788022,2.4828398334856043,0.18532020835608687,2023-Q3,86.20347311799367
ALVHEIM,0.044926734174621105,-0.17935278970816704,-0.008057735106695536,2023-Q4,83.66801934720664
BØYLA,0.010506914607271812,-0.30243306666548947,-0.0031776384058696417,2023-Q4,83.66801934720664
EDVARD GRIEG,0.10982260859469037,-0.9041893345794562,-0.09930043138701314,2023-Q4,83.66801934720664
HOD,0.026951089185979882,0.05296643075314955,0.001427502999091162,2023-Q4,83.66801934720664
IVAR AASEN,0.025590844025060826,-0.9018894788161564,-0.023080112980227656,2023-Q4,83.66801934720664
JOHAN SVERDRUP,0.6621684890331465,-1.5417357973002621,-1.0208888633866282,2023-Q4,83.66801934720664
SKARV,0.012306475352125403,-5.00225534204024,-0.06156013207185585,2023-Q4,83.66801934720664
SKOGUL,0.004638521192854165,-0.3010900298946829,-0.001396612484623581,2023-Q4,83.66801934720664
TAMBAR,0.003724983227496006,0.028516201658373205,0.000106222372889334,2023-Q4,83.66801934720664
TAMBAR ØST,0.0,0.0738382133703989,0.0,2023-Q4,83.66801934720664
ULA,0.01249775737186834,0.057042895907399506,0.0007129082728394203,2023-Q4,83.66801934720664
VALHALL,0.0868655832348855,0.1230905330100894,0.01069233094061434,2023-Q4,83.66801934720664
ALVHEIM,0.08313247486447473,0.49575300250506105,0.04121317401973987,2024-Q1,82.96898340655854
BØYLA,0.012808772739724304,0.5314914246004631,0.0068077528708196475,2024-Q1,82.96898340655854
EDVARD GRIEG,0.09499468323182636,0.07452147822981016,0.007079144218408259,2024-Q1,82.96898340655854
HOD,0.018818942176749807,0.9634776772877293,0.01813163069746699,2024-Q1,82.96898340655854
IVAR AASEN,0.0231537673025934,0.07723084437745925,0.0017881849992984955,2024-Q1,82.96898340655854
JOHAN SVERDRUP,0.6497290557710558,-0.5279465310204571,-0.34302220109752607,2024-Q1,82.96898340655854
SKARV,0.01217859039899531,-4.149202101128091,-0.05053143287228974,2024-Q1,82.96898340655854
SKOGUL,0.00631261420079555,0.5118586438087066,0.0032311661437067936,2024-Q1,82.96898340655854
TAMBAR,0.0014665394313917867,0.9393439703170081,0.0013775849721100084,2024-Q1,82.96898340655854
TAMBAR ØST,0.0,1.0053393391177055,0.0,2024-Q1,82.96898340655854
ULA,0.01140960013133965,1.0823481226680534,0.012349159282548643,2024-Q1,82.96898340655854
VALHALL,0.08599495975105322,0.9601267127770277,0.08256605802117152,2024-Q1,82.96898340655854
ALVHEIM,0.08336154127852383,2.897271298934233,0.24152100098118845,2024-Q2,84.70837427306981
BØYLA,0.011460576417163403,2.8564011115996872,0.03273600321755871,2024-Q2,84.70837427306981
EDVARD GRIEG,0.0729543659323229,2.3950087554430572,0.1747263451557101,2024-Q2,84.70837427306981
HOD,0.019682178185207698,3.4634303929810244,0.06816785412671644,2024-Q2,84.70837427306981
IVAR AASEN,0.01626234349689509,2.407835018807561,0.039157040159701395,2024-Q2,84.70837427306981
JOHAN SVERDRUP,0.6746561682780368,1.7359050020273519,1.1711390171624507,2024-Q2,84.70837427306981
SKARV,0.011432370697154713,-1.6417946126656247,-0.01876960462058495,2024-Q2,84.70837427306981
SKOGUL,0.006365800134789737,2.8684277533355176,0.018259837778817862,2024-Q2,84.70837427306981
TAMBAR,0.003432051963480954,3.6383257429365,0.012486923009828517,2024-Q2,84.70837427306981
TAMBAR ØST,0.0,3.458447365762794,0.0,2024-Q2,84.70837427306981
ULA,0.011224775611964041,3.4503209035398297,0.03872907793150362,2024-Q2,84.70837427306981
VALHALL,0.08916782800446073,3.459007322200843,0.308432169972175,2024-Q2,84.70837427306981
ALVHEIM,0.0725467223468628,2.2089853192052513,0.16025464462067943,2024-Q3,80.00383087010188
BØYLA,0.009873174675183413,2.1886496744730004,0.02160892053885525,2024-Q3,80.00383087010188
EDVARD GRIEG,0.06545514162990157,1.5571396865307263,0.10192279871940921,2024-Q3,80.00383087010188
HOD,0.023172132493571605,2.666389356000553,0.061785927436693894,2024-Q3,80.00383087010188
IVAR AASEN,0.01692167108969541,1.6131751643030887,0.02729761954040222,2024-Q3,80.00383087010188
JOHAN SVERDRUP,0.6893677703387372,0.8343310408651842,0.5751609293656299,2024-Q3,80.00383087010188
SKARV,0.007276631531613794,-2.1523893043193802,-0.015662143880118683,2024-Q3,80.00383087010188
SKOGUL,0.005684595994155335,2.1801850617789773,0.012393471268706076,2024-Q3,80.00383087010188
TAMBAR,0.002441547573043717,2.55752486610566,0.006244318629839232,2024-Q3,80.00383087010188
TAMBAR ØST,0.0,2.6509370605544897,0.0,2024-Q3,80.00383087010188
ULA,0.009657856930525087,2.579700969134322,0.024914382883436205,2024-Q3,80.00383087010188
VALHALL,0.09760275539671,2.6497793460135535,0.25862576536421505,2024-Q3,80.00383087010188
ALVHEIM,0.07182401747715156,1.3924340471500911,0.10001020733828903,2024-Q4,74.62682548726386
BØYLA,0.010503913058990814,1.3919122041963878,0.014620524778627126,2024-Q4,74.62682548726386
EDVARD GRIEG,0.052491062623518644,0.6772332749702742,0.035548694247195284,2024-Q4,74.62682548726386
HOD,0.02383136548171723,1.7459374246681028,0.0416080728754737,2024-Q4,74.62682548726386
IVAR AASEN,0.019564634589977536,0.6839448973367783,0.01338113199607377,2024-Q4,74.62682548726386
JOHAN SVERDRUP,0.6877009983201827,-0.12052718412986121,-0.08288666485082602,2024-Q4,74.62682548726386
SKARV,0.010003005231887517,-3.2468431418005683,-0.03247818893454919,2024-Q4,74.62682548726386
SKOGUL,0.004743658888896872,1.4075638825326569,0.006677002923066231,2024-Q4,74.62682548726386
TAMBAR,0.0034304478950695403,1.7779313880297654,0.006099100987644775,2024-Q4,74.62682548726386
TAMBAR ØST,0.0,1.7451086261376287,0.0,2024-Q4,74.62682548726386
ULA,0.012588784289372275,1.7483371678872104,0.022009439471624134,2024-Q4,74.62682548726386
VALHALL,0.10331811214323539,1.7455111827877914,0.18034292013054046,2024-Q4,74.62682548726386
ALVHEIM,0.07138661793497088,0.6277599895702368,0.0448136625303118,2025-Q1,75.84179072600018
BØYLA,0.009827768902305373,0.6377490529350194,0.006267650309909487,2025-Q1,75.84179072600018
EDVARD GRIEG,0.05160182345018816,0.03317658278981231,0.0017119721678004445,2025-Q1,75.84179072600018
HOD,0.02347664061016761,0.9674956951020225,0.022713548725794484,2025-Q1,75.84179072600018
IVAR AASEN,0.018686071183846437,0.012294158378596874,0.0002297295186079435,2025-Q1,75.84179072600018
JOHAN SVERDRUP,0.6976179101321662,-0.7349899912409185,-0.5127421816575487,2025-Q1,75.84179072600018
SKARV,0.009727689486607734,-4.087374039120782,-0.03976070546818862,2025-Q1,75.84179072600018
SKOGUL,0.005197254865375829,0.6344082107249076,0.0032971811598244,2025-Q1,75.84179072600018
TAMBAR,0.005011837632703119,1.0206119397922893,0.005115141328237126,2025-Q1,75.84179072600018
TAMBAR ØST,0.0,0.9546426846947768,0.0,2025-Q1,75.84179072600018
ULA,0.010971630427850806,1.0404929234239426,0.011415903818601567,2025-Q1,75.84179072600018
VALHALL,0.09649475537381785,0.9686078604878614,0.09346557855093328,2025-Q1,75.84179072600018
ALVHEIM,0.07181448558699975,1.1719996292291346,0.08416655048124475,2025-Q2,67.80073623265883
BØYLA,0.006409800410150211,1.139521315270057,0.007304104193992918,2025-Q2,67.80073623265883
EDVARD GRIEG,0.051413780149368316,0.2645202901886357,0.013599988044805621,2025-Q2,67.80073623265883
HOD,0.014722573987204522,1.2309126779791129,0.01812220297333554,2025-Q2,67.80073623265883
IVAR AASEN,0.01877907166317341,0.26406420264128805,0.004958880585079493,2025-Q2,67.80073623265883
JOHAN SVERDRUP,0.733727459858133,-0.6164159754236418,-0.4522813278635621,2025-Q2,67.80073623265883
SKARV,0.010178837304851576,-3.5363390959570373,-0.035995820312532595,2025-Q2,67.80073623265883
SKOGUL,0.004979514368215867,1.1685738991476005,0.005818930521127515,2025-Q2,67.80073623265883
TAMBAR,0.01611290347858467,1.265077536348976,0.020384072236116737,2025-Q2,67.80073623265883
TAMBAR ØST,0.0,1.377986626902097,0.0,2025-Q2,67.80073623265883
ULA,0.006871168398985633,1.1969971185577744,0.008224768774711039,2025-Q2,67.80073623265883
VALHALL,0.06499040479433292,1.2457138584583487,0.08095944791911847,2025-Q2,67.80073623265883
ALVHEIM,0.07260186124302695,1.8595624044756642,0.1350076916624917,2025-Q3,69.01223919590501
BØYLA,0.006057121383539357,1.8747959338292965,0.011355866540570067,2025-Q3,69.01223919590501
EDVARD GRIEG,0.044389135865474744,1.0481106638532665,0.04652472665983557,2025-Q3,69.01223919590501
HOD,0.023720373975181983,2.1464045104070806,0.05091351768887334,2025-Q3,69.01223919590501
IVAR AASEN,0.013054242611780988,1.026690197916794,0.013402662930743263,2025-Q3,69.01223919590501
JOHAN SVERDRUP,0.699598996831796,0.02215605832045658,0.015500356174738175,2025-Q3,69.01223919590501
SKARV,0.008729203997144438,-2.734282691770708,-0.023868111402327717,2025-Q3,69.01223919590501
SKOGUL,0.004277532036702999,1.8669742512150298,0.00798604217127188,2025-Q3,69.01223919590501
TAMBAR,0.015549608777140083,2.161036891535381,0.03360327821634207,2025-Q3,69.01223919590501
TAMBAR ØST,0.0,2.13620941467249,0.0,2025-Q3,69.01223919590501
ULA,0.01613401336298872,2.175895159772598,0.03510592158423358,2025-Q3,69.01223919590501
VALHALL,0.09588790991522371,2.1467422743414173,0.20584662981325225,2025-Q3,69.01223919590501
ALVHEIM,0.06972972057958651,0.023596456108166547,0.0016453742910909302,2025-Q4,63.60257770933074
BØYLA,0.014151923457335664,0.02237231309173592,0.0003166112624377953,2025-Q4,63.60257770933074
EDVARD GRIEG,0.0630463795017019,-1.014855878909915,-0.06398298888128773,2025-Q4,63.60257770933074
HOD,0.02311030061386888,0.13564500781015026,0.0031347969072631652,2025-Q4,63.60257770933074
IVAR AASEN,0.01663427766423711,-1.0142260400363234,-0.016870917564263864,2025-Q4,63.60257770933074
JOHAN SVERDRUP,0.677416355182621,-1.9526023183362546,-1.3227247456084816,2025-Q4,63.60257770933074
SKARV,0.009015011896561235,-4.714598275018357,-0.042502159536797576,2025-Q4,63.60257770933074
SKOGUL,0.004145956872076598,0.02180847612079175,9.041700144251492e-05,2025-Q4,63.60257770933074
TAMBAR,0.01260690935795621,0.12162803424748062,0.001533353603144382,2025-Q4,63.60257770933074
TAMBAR ØST,0.0,0.13609660721783748,0.0,2025-Q4,63.60257770933074
ULA,0.013229197312498395,0.13154087386207478,0.0017401801749798496,2025-Q4,63.60257770933074
VALHALL,0.09691396756155653,0.13721138524774876,0.01329769973897656,2025-Q4,63.60257770933074
ALVHEIM,0.06499911259994971,-0.318114920632354,-0.020677187545906445,2026-Q1,68.6034600781712
BØYLA,0.013498999465359702,-0.30372155846824944,-0.004099937155381115,2026-Q1,68.6034600781712
EDVARD GRIEG,0.057659089308976605,-1.2071252156237884,-0.06960174061476966,2026-Q1,68.6034600781712
HOD,0.022405471666372703,-0.08287213525654324,-0.001856789278422286,2026-Q1,68.6034600781712
IVAR AASEN,0.02067865870253379,-1.1710933578531177,-0.024216639855848897,2026-Q1,68.6034600781712
JOHAN SVERDRUP,0.7030833637529266,-2.0868094967934048,-1.4672010405170588,2026-Q1,68.6034600781712
SKARV,0.00842507484114233,-4.993959737985347,-0.0420744845461781,2026-Q1,68.6034600781712
SKOGUL,0.003949126296086092,-0.32169428579174675,-0.0012704113633208215,2026-Q1,68.6034600781712
TAMBAR,0.0094176796443552,-0.10808382121347292,-0.0010178988029262508,2026-Q1,68.6034600781712
TAMBAR ØST,0.0,2.345374679258326,0.0,2026-Q1,68.6034600781712
ULA,0.010132589324752885,-0.05568593912079336,-0.0005642427522741896,2026-Q1,68.6034600781712
VALHALL,0.08575083439754445,-0.06865933684670922,-0.005887595423787384,2026-Q1,68.6034600781712
