year_month,us_crude_stocks_kbbl,cushing_stocks_kbbl,spr_stocks_kbbl,us_refinery_util_pct,us_refinery_inputs_kbpd,us_crude_imports_kbpd,us_crude_exports_kbpd,us_crude_production_kbpd,us_days_supply_crude,us_crude_stocks_kbbl_dev_5y,us_crude_stocks_kbbl_dev_5y_pct,cushing_stocks_kbbl_dev_5y,cushing_stocks_kbbl_dev_5y_pct,refinery_util_3m_change,d_refinery_tight,d_refinery_slack,us_net_crude_imports_kbpd
1982-08,337451.0,,271529.0,,11820.0,3406.5,,,,,,,,,0,0,
1982-09,335586.0,,276833.0,,12375.0,3494.0,,,28.9,,,,,,0,0,
1982-10,332892.4,,280964.2,,11974.0,3334.2,,,27.580000000000002,,,,,,0,0,
1982-11,327852.0,,286398.75,,11716.0,3407.5,,,27.85,,,,,,0,0,
1982-12,334902.6,,291778.4,,11837.6,3061.8,,,28.580000000000002,,,,,,0,0,
1983-01,334881.0,,296330.25,,11368.5,2816.75,,8634.0,28.674999999999997,,,,,,0,0,
1983-02,340684.5,,302992.75,,10883.5,2101.5,,8660.0,31.0,,,,,,0,0,
1983-03,338506.25,,308889.25,,10915.5,1869.25,,8677.0,31.175,,,,,,0,0,
1983-04,337431.0,,314424.25,,11385.5,2804.0,,8683.75,30.175,,,,,,0,0,
1983-05,344124.0,,322432.5,,11698.5,3225.5,,8682.0,29.65,,,,,,0,0,
1983-06,333084.5,,328071.0,,12296.25,3295.5,,8676.0,27.625,,,,,,0,0,
1983-07,326867.6,,336091.4,,12507.2,3621.2,,8652.8,26.32,,,,,,0,0,
1983-08,320849.25,,345107.75,,12288.5,3750.75,,8653.0,25.75,,,,,,0,0,
1983-09,328117.6,,355912.4,,12584.8,3995.4,,8666.0,26.26,,,,,,0,0,
1983-10,330476.5,,364390.5,,11819.75,3673.25,,8654.0,27.3,,,,,,0,0,
1983-11,335185.25,,369670.0,,11737.75,3228.25,,8624.0,28.575,,,,,,0,0,
1983-12,328572.8,,375261.4,,11654.8,3136.8,,8612.0,27.78,,,,,,0,0,
1984-01,327996.5,,382878.75,,11469.0,2976.5,,8659.0,29.225,,,,,,0,0,
1984-02,320243.75,,385863.5,,12137.5,3038.75,,8726.0,26.7,,,,,,0,0,
1984-03,312580.2,,388918.6,,12023.4,3301.4,,8718.0,25.78,,,,,,0,0,
1984-04,322001.25,,394571.25,,11913.25,3278.75,,8688.0,27.275,,,,,,0,0,
1984-05,332976.0,,399000.25,,12115.5,3449.75,,8753.0,27.65,,,,,,0,0,
1984-06,337559.0,,407544.8,,12493.0,3560.0,,8743.0,27.04,,,,,,0,0,
1984-07,333741.0,,417425.25,,12218.0,3409.5,,8769.0,27.175,2300.9187500000116,0.6942186175317961,,,,0,0,
1984-08,327397.0,,427071.2,,12432.8,3066.4,,8781.0,26.54,-3881.3580000000075,-1.1716304148066343,,,,0,0,
1984-09,313015.5,,430418.75,,12511.25,3050.0,,8759.0,24.975,-17560.44038461533,-5.3120745460738235,,,,0,0,
1984-10,316498.5,,433114.25,,12148.75,3588.25,,8847.0,25.775,-13556.053703703685,-4.107216080367494,,,,0,0,
1984-11,326497.0,,439674.2,,12291.8,3449.6,,8846.0,26.660000000000004,-3430.4982142857043,-1.0397733541014575,,,,0,0,
1984-12,324223.25,,446721.0,,11966.25,3168.5,,8797.0,26.724999999999998,-5507.549999999988,-1.6703171192985273,,,,0,0,
1985-01,322114.0,,452330.25,,11579.0,2682.75,,8929.0,27.525,-7362.906666666619,-2.2347261728166297,,,,0,0,
1985-02,302363.25,,457961.5,,11521.75,2447.75,,8928.0,26.175,-26239.022580645164,-7.985039900844147,,,,0,0,
1985-03,306574.2,,460465.2,,11417.8,2808.6,,8927.0,26.82,-21339.6953125,-6.5077130361198625,,,,0,0,
1985-04,309666.0,,462504.25,,11739.75,3251.0,,8842.0,26.7,-17694.928787878773,-5.405327035635525,,,,0,0,
1985-05,330702.0,,468045.0,,12017.6,3585.6,,8969.0,27.74,3242.8044117647223,0.9902926701873409,,,,0,0,
1985-06,328907.25,,474031.25,,12275.75,3085.0,,8965.0,26.95,1406.6814285714063,0.4295203012035706,,,,0,0,
1985-07,314165.0,,479468.5,,12591.25,2947.0,,8904.0,25.1,-12965.136111111147,-3.9632961564591174,,,,0,0,
1985-08,301633.0,,484919.8,,12198.0,2712.6,,8895.0,24.5,-24808.02432432433,-7.5995424826498414,,,,0,0,
1985-09,292486.5,,488101.5,,11994.0,2986.25,,8874.0,24.35,-33060.98421052634,-10.155502903271195,,,,0,0,
1985-10,297518.25,,489344.5,,12296.25,3498.75,,8943.0,24.425,-27310.53589743591,-8.407671081853922,,,,0,0,
1985-11,291002.0,,490402.2,,12360.6,3677.0,,8932.0,23.54,-32981.11625000002,-10.179887344669622,,,,0,0,
1985-12,298983.0,,492295.5,,12543.25,3700.5,,8930.0,23.875,-24390.357317073154,-7.542475830239159,,,,0,0,
1986-01,302306.6,,493359.4,,12486.0,3258.4,,8942.0,24.119999999999997,-20565.167857142864,-6.369453728838281,,,,0,0,
1986-02,307235.5,,494641.25,,11970.25,3009.25,,8939.75,25.375,-15272.633720930258,-4.735580943253305,,,,0,0,
1986-03,316189.0,,496085.5,,11562.25,3053.25,,8939.0,26.925,-6175.51704545453,-1.9156937934902307,,,,0,0,
1986-04,316161.5,,497479.0,,12295.75,3690.0,,8815.0,26.5,-6065.1722222222015,-1.8822688328045611,,,,0,0,
1986-05,309225.4,,498992.2,,13093.6,4067.2,,8805.0,24.14,-12718.635869565187,-3.950573532201761,,,,0,0,
1986-06,304131.0,,500853.5,,13373.25,4467.0,,8792.0,22.725,-17434.035106382973,-5.421620264347239,,,,0,0,
1986-07,303832.0,,502440.5,,12908.0,4216.5,,8737.0,23.275,-17363.59687499999,-5.405926184522821,,,,0,0,
1986-08,312703.4,,504108.0,,13234.0,4711.2,,8713.8,23.82,-8318.886734693893,-2.591373583220708,,,,0,0,
1986-09,309323.5,,505582.0,,13265.5,4944.25,,8671.0,23.2,-11464.810999999987,-3.5739491143740545,,,,0,0,
1986-10,318989.0,,506782.0,,12679.2,4256.8,,8773.0,24.94,-1764.0303921568557,-0.5499653081999347,,,,0,0,
1986-11,318610.5,,508489.25,,12831.0,4486.75,,8321.0,24.975,-2101.327884615399,-0.6552074797102299,,,,0,0,
1986-12,315904.5,,510201.25,,12821.25,4442.75,,8348.0,24.525,-4716.6235849056975,-1.4710894691430583,,,,0,0,
1987-01,309139.6,,512593.0,,12598.0,4216.2,,8353.8,24.32,-11268.902777777752,-3.517042363133978,,,,0,0,
1987-02,309023.0,,515725.75,,12211.25,4108.5,,8383.0,25.125,-11178.493636363593,-3.491081040695718,,,,0,0,
1987-03,309422.0,,518026.0,,11929.75,3424.75,,8336.0,25.875,-10587.002678571385,-3.3083452621504383,,,,0,0,
1987-04,305038.75,,520619.5,,12580.0,3703.25,,8361.0,24.625,-14707.61666666664,-4.599776009964557,,,,0,0,
1987-05,302680.8,,523375.4,,12417.0,4285.4,,8309.0,24.419999999999998,-16771.332758620672,-5.250029985335287,,,,0,0,
1987-06,302159.0,,526255.0,,13046.5,4704.75,,8303.0,23.525,-17000.02881355933,-5.3265072514962775,,,,0,0,
1987-07,303058.0,,528469.4,,13454.4,5226.2,,8287.0,22.6,-15832.678333333344,-4.96492353306847,,,,0,0,
1987-08,305510.25,,531154.75,,13361.0,5431.75,,8204.0,22.875,-12848.08249999996,-4.035729927062601,,,,0,0,
1987-09,313702.75,,532684.75,,13288.75,4917.25,,8162.0,23.55,-4290.861666666635,-1.3493546754531924,,,,0,0,
1987-10,316931.0,,534456.4,,12831.6,4968.6,,8281.0,24.44,-796.5883333333186,-0.2507142478599008,,,,0,0,
1987-11,335606.0,,536911.5,,12899.25,5134.5,,8283.0,26.2,17749.178333333344,5.584016803624474,,,,0,0,
1987-12,338951.5,,539075.75,,13147.0,4642.75,,8348.0,25.925,21027.196666666656,6.613900367541365,,,,0,0,
1988-01,322168.4,,541410.8,,13078.2,4546.2,,8385.6,24.56,4455.973333333328,1.4025177989051043,,,,0,0,
1988-02,318612.5,,543200.0,,12781.0,4595.25,,8353.0,24.7,1267.9400000000023,0.3995467891430067,,,,0,0,
1988-03,326672.0,,544589.75,,12994.75,4714.5,,8306.0,25.45,9524.67749999999,3.0032344037840617,,,,0,0,
1988-04,333731.4,,545952.8,,13134.4,4980.0,,8276.4,25.46,16645.737500000047,5.249602700027488,,,,0,0,
1988-05,342637.5,,547342.75,,13331.0,5094.25,,8240.0,25.825,25576.61249999999,8.0667825986578,,,,0,0,
1988-06,342448.5,,548779.75,,13577.0,4810.25,,8210.0,25.3,25231.545833333337,7.9540344555722,,,,0,0,
1988-07,335893.6,,550647.4,,13555.8,5055.2,,8193.2,24.880000000000003,18526.212499999965,5.837465735196236,,,,0,0,
1988-08,325005.5,,551770.5,,13746.75,5122.0,,8128.0,23.725,7568.841666666674,2.3843628226198117,,,,0,0,
1988-09,307367.2,,553180.6,,13476.2,5006.6,,8147.0,22.46,-9723.618333333347,-3.066508953000225,,,,0,0,
1988-10,311845.75,,554989.5,,13090.25,5118.0,,8085.0,23.775,-4934.5558333333465,-1.5577217846142082,,,,0,0,
1988-11,322501.0,,557176.0,,13114.0,5431.5,,8026.0,24.675,5932.098333333328,1.8738727342142947,,,,0,0,
1988-12,318281.2,,559038.0,,13414.0,5314.8,,8035.0,23.880000000000003,1883.8250000000116,0.5953984289534676,,,,0,0,
1989-01,305440.5,,560760.25,,13440.0,5451.5,,8021.0,22.725,-10580.941666666651,-3.3481720768261116,,,,0,0,
1989-02,307620.5,,562737.0,,13018.75,4972.25,,7965.0,23.15,-8190.5541666666395,-2.5934982511233264,,,,0,0,
1989-03,314569.8,,564969.4,,12821.8,5249.8,,7921.0,24.740000000000002,-1274.4141666666837,-0.4034945424057041,,,,0,0,
1989-04,309411.0,,566767.0,,13019.0,5764.0,,7880.0,23.700000000000003,-6223.376666666707,-1.9717043284037006,,,,0,0,
1989-05,324703.25,,568812.0,,13302.5,5704.0,,7843.0,24.725,9206.752500000002,2.9181789886589793,,,,0,0,
1989-06,320788.8,,570971.8,,13893.0,5966.4,,7726.0,23.36,5571.805833333288,1.7676095948009933,,,,0,0,
1989-07,313818.75,,573041.25,,13943.0,6641.75,,7622.0,22.45,-1066.2066666667233,-0.3386019700507307,,,,0,0,
1989-08,315134.0,,574474.5,,13730.25,6409.75,,7662.0,22.95,453.4266666666372,0.14409108953361843,,,,0,0,
1989-09,314250.8,,576260.6,,13862.0,6429.2,,7645.2,22.580000000000002,-450.36166666669305,-0.14310772298442254,,,,0,0,
1989-10,320437.5,,577531.25,,13369.75,6187.0,,7644.0,23.725,5670.6883333333535,1.8015521723232144,,,,0,0,
1989-11,325064.25,,578857.5,,13243.5,6177.0,,7601.0,24.55,10321.317500000005,3.2792849129344646,,,,0,0,
1989-12,326616.6,,579780.6,,13401.6,6054.0,,7572.2,24.22,11833.778333333321,3.759346927090093,,,,0,0,
1990-01,325584.25,,580134.5,,13347.25,6213.0,,7512.0,24.875,10743.590833333321,3.4123898932780485,,,,0,0,
1990-02,328151.5,,580843.5,,13633.0,5910.75,,7399.0,24.025,12881.036666666681,4.085709942655696,,,,0,0,
1990-03,334290.0,,581318.6,,13049.4,6161.4,,7411.0,25.259999999999998,18557.60666666663,5.877637853609307,,,,0,0,
1990-04,350901.75,,582373.25,,13000.75,6166.75,,7310.0,27.1,34482.09416666662,10.897582855860652,,,,0,0,
1990-05,359099.0,,584772.0,,13193.5,6235.5,,7241.0,27.45,42206.06083333329,13.318712920623149,,,,0,0,
1990-06,367303.4,,586282.0,,13636.2,6705.6,,7033.0,27.160000000000004,49770.52500000002,15.674132953950052,,,,0,0,
1990-07,369119.0,,586680.0,,14252.75,7007.25,,7130.0,26.275,50670.22499999998,15.91157792960578,,,,0,0,
1990-08,360770.2,,587774.4,,14208.2,6627.4,,6971.0,25.28,41335.804999999935,12.94031126485297,,,,0,0,
1990-09,350028.5,,589623.0,,14180.75,6028.75,,7016.0,24.725,29635.071666666598,9.249587864778123,,,,0,0,
1990-10,329562.25,,589623.0,,12999.75,5078.75,,7278.0,24.425,8634.754999999946,2.6905625521427963,,,,0,0,
1990-11,328568.8,,587948.0,84.8,12967.2,5023.0,,7242.2,25.639999999999997,7015.191666666651,2.1816554020424697,,,,0,1,
1990-12,319869.5,,585773.0,83.25,12856.75,5039.0,,7318.5,24.675,-2032.2166666666744,-0.6313158835282201,,,,0,1,
1991-01,307519.0,,585691.5,81.25,12497.75,5144.25,,7409.0,24.375,-14469.589999999967,-4.493820728243808,,,,0,1,
1991-02,313742.25,,584302.0,84.0,12956.25,5553.75,172.66666666666666,7445.5,24.525,-8354.785833333328,-2.593872312956164,,,-0.7999999999999972,0,1,5381.083333333333
1991-03,319746.0,,575631.4,83.0,12867.4,5198.4,182.0,7395.6,24.64,-2410.3191666666535,-0.748183109647364,,,-0.25,0,1,5016.4
1991-04,324480.5,,568482.0,83.75,12972.25,5456.25,122.0,7351.5,25.275,2185.5308333333815,0.6781150940656445,,,2.5,0,1,5334.25
1991-05,328694.4,,568482.8,87.32000000000001,13517.6,6094.0,127.0,7307.4,24.66,6074.947500000009,1.883007194056288,,,3.3200000000000074,0,0,5967.0
1991-06,336155.0,,568482.75,89.25,13863.0,6529.0,156.0,7343.75,24.4,13001.814166666649,4.023421317397239,,,6.25,0,0,6373.0
1991-07,331953.0,,568486.75,88.0,13685.75,5812.5,115.0,7362.75,24.15,8331.1308333333,2.5743411144574813,,,4.25,0,0,5697.5
1991-08,331372.4,,568496.4,88.6,13766.0,6462.8,126.0,7272.2,24.119999999999997,7439.380833333358,2.2965799696713614,,,1.279999999999987,0,0,6336.8
1991-09,322203.0,,568503.0,89.0,13844.0,6382.0,73.0,7277.25,23.125,-1944.6774999999907,-0.5999356574134302,,,-0.25,0,0,6309.0
1991-10,326544.0,,568503.0,84.5,13157.25,5508.75,143.5,7383.25,24.325000000000003,2270.4058333333815,0.700151314869771,,,-3.5,0,1,5365.25
1991-11,329284.0,,568504.2,83.0,12875.8,5443.0,139.2,7307.8,25.660000000000004,4832.514166666719,1.489441219310403,,,-5.599999999999994,0,1,5303.8
1991-12,320002.5,,568502.0,85.75,13373.25,5962.25,119.25,7251.75,24.25,-4517.285833333328,-1.3919908833088264,,,-3.25,0,0,5843.0
1992-01,318295.4,,568506.8,83.2,12921.0,5649.6,129.6,7353.4,24.1,-6376.982500000042,-1.9641284087352395,,,-1.2999999999999972,0,1,5520.0
1992-02,320194.5,,568509.5,80.25,12414.5,5278.25,143.0,7360.0,25.575000000000003,-4664.074166666716,-1.4357245083129133,,,-2.75,0,1,5135.25
1992-03,329195.75,,568510.0,82.5,12778.75,5339.5,142.5,7327.25,26.325,4007.6133333332837,1.23239838156866,,,-3.25,0,1,5197.0
1992-04,329803.75,,568510.75,86.0,13240.75,5972.5,134.5,7298.75,25.05,4202.863333333284,1.2908021769719433,,,2.799999999999997,0,0,5838.0
1992-05,333260.2,,568511.0,86.4,13407.0,5996.6,126.2,7213.4,25.1,7149.656666666677,2.1924027949500142,,,6.150000000000006,0,0,5870.400000000001
1992-06,324318.5,,568765.0,90.0,13955.5,5898.75,108.0,7220.0,23.5,-2161.3683333333465,-0.662021932429416,,,7.5,0,0,5790.75
1992-07,311654.2,,569520.8,90.4,14011.2,6567.2,118.8,7128.8,22.18,-14968.938333333354,-4.5829387378113084,,,4.400000000000006,0,0,6448.4
1992-08,312180.25,,569727.5,88.5,13708.5,6494.0,105.75,6978.0,22.525,-14554.054999999993,-4.454400648257609,,,2.0999999999999943,0,0,6388.25
1992-09,309516.25,,570264.5,88.25,13596.5,6162.0,116.25,6965.75,22.9,-17148.280000000028,-5.249507805454123,,,-1.75,0,0,6045.75
1992-10,310885.4,,572597.0,89.2,13593.4,6621.0,117.4,7033.2,22.759999999999998,-15678.369999999937,-4.801013290604753,,,-1.2000000000000028,0,0,6503.6
1992-11,306462.0,,573706.0,89.75,13580.75,6173.5,111.0,7004.0,22.525,-19616.03666666668,-6.015749133916424,,,1.25,0,0,6062.5
1992-12,308661.25,,574207.75,88.0,13301.75,6152.75,121.0,7078.0,22.975,-16911.949166666658,-5.194515153567396,,,-0.25,0,0,6031.75
1993-01,304560.0,,574946.0,87.0,13117.2,6375.8,115.4,7016.4,23.16,-20719.725833333272,-6.36981778690678,,,-2.200000000000003,0,0,6260.400000000001
1993-02,313545.0,,575481.75,86.0,12990.0,6256.25,116.75,7001.25,24.05,-11650.267499999958,-3.582545216467506,,,-3.75,0,0,6139.5
1993-03,321485.75,,576508.75,86.5,13055.25,6372.0,109.0,6985.5,24.75,-3623.079999999958,-1.1144206695339398,,,-1.5,0,0,6263.0
1993-04,327529.6,,579223.4,90.4,13497.4,6668.2,108.6,6915.0,24.619999999999997,2524.1333333333023,0.7766433467170303,,,3.4000000000000057,0,0,6559.599999999999
1993-05,334326.5,,581845.5,92.25,13784.5,6684.5,109.0,6852.0,24.3,9459.549999999988,2.9118228246979228,,,6.25,1,0,6575.5
1993-06,332949.5,,582272.5,94.5,14079.25,6892.5,108.25,6780.25,23.825,8240.86666666664,2.5379265657549928,,,8.0,1,0,6784.25
1993-07,336538.0,,582819.4,95.5,14231.2,6571.0,104.6,6685.4,23.68,11818.626666666707,3.6396432234225102,,,5.099999999999994,1,0,6466.4
1993-08,329255.0,,583627.25,94.1,14066.25,6683.25,109.0,6769.5,23.3,4464.801666666695,1.3746725392508472,,,1.8499999999999943,1,0,6574.25
1993-09,319003.5,,584716.25,92.475,13866.0,6342.0,107.0,6688.75,22.925,-5980.636666666658,-1.8402857222538662,,,-2.0250000000000057,1,0,6235.0
1993-10,313799.8,,585845.4,92.06,13806.6,6871.8,101.4,6763.0,22.619999999999997,-11216.904166666674,-3.451177746518133,,,-3.4399999999999977,1,0,6770.400000000001
1993-11,316589.5,,586380.5,91.7,13681.75,6458.5,114.0,6869.75,23.15,-8328.67916666664,-2.5633158440157477,,,-2.3999999999999915,0,0,6344.5
1993-12,326642.8,,586874.6,91.8,13687.4,6823.4,117.4,6894.8,23.86,1585.2608333333046,0.487686222383076,,,-0.6749999999999972,0,0,6706.0
1994-01,314481.0,,587117.5,89.45,13356.0,6032.5,104.5,6871.5,23.275,-10727.214166666672,-3.2985680248436338,,,-2.6099999999999994,0,0,5928.0
1994-02,314289.25,,587192.0,88.65,13266.0,6357.0,106.0,6744.0,23.675,-11030.110000000044,-3.3905482907626654,,,-3.049999999999997,0,0,6251.0
1994-03,317806.75,,588181.0,86.55,12784.5,6188.25,103.0,6698.5,24.5,-7566.559166666702,-2.325500879603762,,,-5.25,0,0,6085.25
1994-04,320500.8,,590592.4,91.96000000000001,13623.4,6977.2,101.2,6615.0,24.259999999999998,-5057.339166666614,-1.5534365627018016,,,2.510000000000005,0,0,6876.0
1994-05,316308.0,,591174.5,96.25,14280.5,7076.25,102.0,6681.0,22.225,-9110.218333333323,-2.7995415806749695,,,7.599999999999994,1,0,6974.25
1994-06,309575.5,,591176.75,96.475,14351.25,7858.25,100.0,6632.25,21.625,-15655.829999999958,-4.813752106846521,,,9.924999999999997,1,0,7758.25
1994-07,313822.8,,591571.2,95.36,14325.0,7763.8,99.4,6580.2,21.86,-11408.597499999974,-3.5078401371134458,,,3.3999999999999915,1,0,7664.400000000001
1994-08,310189.75,,591672.75,96.2,14486.25,7304.75,101.5,6556.5,21.525,-14959.243333333288,-4.6007349369209045,,,-0.04999999999999716,1,0,7203.25
1994-09,311207.6,,591674.6,94.97999999999999,14272.4,7777.2,102.2,6571.6,21.619999999999997,-13890.673333333398,-4.272761337951143,,,-1.4950000000000045,1,0,7675.0
1994-10,321708.25,,591675.75,89.75,13468.0,7020.0,102.75,6682.75,23.375,-3411.202500000014,-1.0492151342436251,,,-5.609999999999999,0,0,6917.25
1994-11,325264.0,,591674.5,92.075,13841.75,7181.0,101.0,6632.5,24.025,141.21833333332324,0.04343538542866795,,,-4.125,1,0,7080.0
1994-12,318906.0,,591673.2,93.28,14014.2,6875.2,98.2,6635.0,22.74,-6088.271666666667,-1.873347377922759,,,-1.6999999999999886,1,0,6777.0
1995-01,310321.25,,591670.75,91.8,13768.0,6641.0,100.25,6605.0,22.225,-14418.638333333365,-4.4400576742618,,,2.049999999999997,0,0,6540.75
1995-02,307348.25,,591670.75,89.55,13441.5,6491.5,101.0,6604.0,22.825,-17044.91750000004,-5.2544008960978,,,-2.5250000000000057,0,0,6390.5
1995-03,312117.6,,591672.6,89.67999999999999,13557.0,7010.4,102.0,6548.8,23.04,-11906.027500000026,-3.6744318900016095,,,-3.6000000000000085,0,0,6908.4
1995-04,319638.25,,591672.25,91.25,13911.0,7313.0,99.0,6573.25,23.375,-3864.3191666666535,-1.1945250316314424,,,-0.5499999999999972,0,0,7214.0
1995-05,314232.0,,591671.25,93.2,14240.75,6994.25,97.25,6609.5,22.275,-8522.785833333328,-2.640638096605759,,,3.6500000000000057,1,0,6897.0
1995-06,304965.6,,591669.4,95.82000000000001,14674.0,7648.8,91.2,6563.8,20.86,-16750.222500000033,-5.206527415977507,,,6.140000000000015,1,0,7557.6
1995-07,299268.0,,591670.5,94.05,14362.75,7115.5,81.0,6466.75,20.7,-21283.63916666672,-6.6396912591049215,,,2.799999999999997,1,0,7034.5
1995-08,290087.0,,591677.5,93.55,14225.25,7776.25,78.0,6469.5,20.3,-29286.585833333316,-9.170008771049922,,,0.3499999999999943,1,0,7698.25
1995-09,291197.2,,591671.8,95.17999999999999,14464.0,7610.6,82.2,6422.0,20.22,-27195.864166666637,-8.54160069028094,,,-0.6400000000000148,1,0,7528.400000000001
1995-10,282606.25,,591670.5,90.15,13711.25,7024.75,87.0,6407.0,20.2,-35004.214166666614,-11.02111489258052,,,-3.8999999999999915,0,0,6937.75
1995-11,293226.75,,591664.25,89.875,13678.25,7461.25,92.0,6508.0,21.525,-23794.679999999993,-7.505700797576995,,,-3.674999999999997,0,0,7369.25
1995-12,294793.2,,591654.6,93.32000000000001,14090.0,7078.6,90.2,6446.0,21.0,-21810.291666666628,-6.888834848868126,,,-1.8599999999999852,1,0,6988.400000000001
1996-01,289521.75,,591642.0,91.675,13809.0,7151.75,87.0,6470.75,20.825,-26781.787499999977,-8.46711602142609,,,1.5249999999999915,0,0,7064.75
1996-02,285554.25,,591635.0,90.275,13571.5,6619.0,87.75,6482.5,20.9,-30279.48749999999,-9.587160554688996,,,0.4000000000000057,0,0,6531.25
1996-03,282967.2,,591123.2,91.16,13740.8,6827.6,90.4,6472.0,20.78,-32253.557500000054,-10.232053801215818,,,-2.160000000000011,0,0,6737.200000000001
1996-04,281366.25,,587565.0,93.35,14144.75,7494.5,100.0,6357.25,20.075,-33135.936666666705,-10.535995637380635,,,1.6749999999999972,1,0,7394.5
1996-05,285409.8,,586354.2,94.17999999999999,14303.8,7669.2,98.6,6337.2,20.080000000000002,-28370.976666666626,-9.041655441118843,,,3.904999999999987,1,0,7570.599999999999
1996-06,291746.75,,585136.0,95.45,14516.0,8038.25,144.5,6469.25,20.125,-21293.889166666602,-6.8022762869869675,,,4.290000000000006,1,0,7893.75
1996-07,294686.5,,583786.5,94.125,14346.25,7753.5,97.5,6434.25,20.45,-17733.030833333323,-5.676031452333682,,,0.7750000000000057,1,0,7656.0
1996-08,293361.6,,580822.6,94.46000000000001,14392.4,8104.0,133.4,6407.0,20.380000000000003,-18424.41750000004,-5.909314871697234,,,0.28000000000001535,1,0,7970.6
1996-09,290381.5,,575801.0,95.275,14466.25,7281.75,150.5,6495.5,20.125,-20874.15916666668,-6.706435225163018,,,-0.17499999999999716,1,0,7131.25
1996-10,285891.0,,573660.5,93.8,14278.0,8258.75,171.75,6501.75,19.85,-24687.10916666669,-7.948760211370452,,,-0.32500000000000284,1,0,8087.0
1996-11,288436.0,,572770.4,93.66,14179.2,7121.4,178.8,6527.0,20.36,-21461.309166666702,-6.9252970360980255,,,-0.8000000000000114,1,0,6942.599999999999
1996-12,278083.75,,568870.25,94.175,14308.25,7804.75,172.0,6520.25,19.425,-31114.91333333333,-10.063081449931666,,,-1.1000000000000085,1,0,7632.75
1997-01,273622.4,,565268.4,91.28,13744.8,7218.2,218.2,6489.4,19.66,-34831.71333333326,-11.292348465358964,,,-2.519999999999996,0,0,7000.0
1997-02,286173.0,,563482.5,88.475,13342.25,7488.75,132.75,6495.5,21.3,-21714.08833333326,-7.052614142046955,,,-5.185000000000002,0,0,7356.0
1997-03,289600.0,,563476.0,91.975,13935.5,7625.0,98.25,6422.25,21.2,-17627.15916666662,-5.73750029602823,,,-2.200000000000003,0,0,7526.75
1997-04,297440.5,,563475.25,92.875,14201.5,8014.75,99.0,6450.75,21.0,-9247.27166666661,-3.015207165389464,,,1.5949999999999989,1,0,7915.75
1997-05,304866.0,,563464.2,97.16,14914.6,7991.6,102.0,6425.4,20.860000000000003,-1348.5349999999744,-0.4403889580225101,,,8.685000000000002,1,0,7889.6
1997-06,306239.75,,563460.0,97.8,15163.25,8444.0,102.0,6385.25,20.174999999999997,326.5275000000256,0.10673860297098653,,,5.825000000000003,1,0,8342.0
1997-07,300908.75,,563456.0,96.725,14981.75,8226.25,102.0,6344.5,20.025,-4825.3816666666535,-1.578293414726633,,,3.8499999999999943,1,0,8124.25
1997-08,293182.8,,563452.6,98.03999999999999,15168.8,8359.6,102.0,6299.0,19.48,-12234.707500000019,-4.005895929197843,,,0.8799999999999955,1,0,8257.6
1997-09,285161.5,,563449.75,98.75,15357.5,8566.75,101.25,6379.25,18.55,-19850.094999999972,-6.5079804589068075,,,0.9500000000000028,1,0,8465.5
1997-10,289273.4,,563445.0,96.22,14974.6,8298.0,101.8,6392.2,19.119999999999997,-15377.995000000054,-5.047734969340958,,,-0.5049999999999955,1,0,8196.2
1997-11,300345.5,,563440.25,94.275,14660.75,8250.75,101.0,6402.25,20.475,-4203.9533333333675,-1.3803844621359689,,,-3.7649999999999864,1,0,8149.75
1997-12,300018.5,,563434.5,96.425,14941.25,7577.25,102.0,6453.25,20.175,-4386.90750000003,-1.4411398062959935,,,-2.325000000000003,1,0,7475.25
1998-01,297778.0,,563439.2,94.58,14569.6,8099.2,102.8,6400.2,20.16,-6514.374166666705,-2.1408272831374533,,,-1.6400000000000006,1,0,7996.4
1998-02,307301.25,,563429.75,90.6,14016.25,7578.75,102.0,6404.75,21.7,3112.9383333332953,1.023358956916297,,,-3.6750000000000114,0,0,7476.75
1998-03,309284.25,,563427.0,93.95,14560.0,8200.0,102.0,6400.25,21.65,5299.2966666666325,1.7432759774973834,,,-2.4749999999999943,1,0,8098.0
1998-04,321145.75,,563426.0,96.125,14970.75,8652.5,104.0,6416.0,21.7,17267.194166666653,5.682268075585136,,,1.5450000000000017,1,0,8548.5
1998-05,331415.4,,563426.0,97.5,15258.0,8425.0,104.0,6387.2,21.880000000000003,27585.362500000047,9.07920847029486,,,6.900000000000006,1,0,8321.0
1998-06,327098.75,,563427.0,97.925,15402.0,9223.0,104.0,6339.25,21.225,23366.224999999977,7.693026948628559,,,3.9749999999999943,1,0,9119.0
1998-07,323744.2,,563428.8,98.94,15569.8,8959.2,105.2,6342.0,20.84,20224.905000000028,6.663465991511357,,,2.8149999999999977,1,0,8854.0
1998-08,324504.0,,563427.5,99.325,15630.25,9418.75,106.0,6329.0,20.825000000000003,21063.888333333365,6.941695419777709,,,1.8250000000000028,1,0,9312.75
1998-09,306375.25,,563426.0,97.025,15268.0,8427.0,104.0,6380.5,19.75,3145.6091666666907,1.037368628614918,,,-0.8999999999999915,1,0,8323.0
1998-10,315701.0,,563426.0,88.53999999999999,13938.8,8284.0,105.0,6319.0,22.240000000000002,12439.672500000044,4.1019646661013995,,,-10.400000000000006,0,0,8179.0
1998-11,322217.25,,563867.75,94.525,14868.25,8541.75,105.0,6399.75,22.0,18862.126666666707,6.217836857147979,,,-4.799999999999997,1,0,8436.75
1998-12,321104.75,,566270.0,94.45,14852.0,9040.25,104.0,6416.5,21.7,17841.92750000005,5.883321718408148,,,-2.575000000000003,1,0,8936.25
1999-01,311169.8,,569677.0,93.9,14800.2,8403.6,104.0,6364.6,20.78,7962.164166666684,2.625977457587286,,,5.360000000000014,1,0,8299.6
1999-02,316557.25,,571826.75,91.725,14470.25,8597.25,104.0,6057.75,21.975,13311.814166666707,4.389782200706563,,,-2.8000000000000114,0,0,8493.25
1999-03,323367.5,,571951.0,90.75,14337.75,8664.0,104.0,5893.25,22.425,20029.38500000001,6.6029898682531245,,,-3.700000000000003,0,0,8560.0
1999-04,324762.6,,571951.0,94.47999999999999,15088.4,8491.2,104.0,5810.4,21.919999999999998,21353.4549999999,7.037841591755546,,,0.5799999999999841,1,0,8387.2
1999-05,316530.5,,572326.75,93.775,14983.25,8793.75,104.0,5835.25,21.025,13117.64666666661,4.323365514201004,,,2.0500000000000114,1,0,8689.75
1999-06,316426.0,,573309.25,93.275,15099.75,8571.75,105.0,5885.5,20.975,12898.97166666662,4.249694578270298,,,2.5250000000000057,1,0,8466.75
1999-07,314454.4,,574317.4,94.42,15241.0,9125.6,109.0,5849.4,20.759999999999998,10916.84500000003,3.596538490929081,,,-0.05999999999998806,1,0,9016.6
1999-08,303902.25,,575476.25,95.35,15429.0,8850.5,108.0,5959.75,19.7,469.48666666663485,0.1547251066460758,,,1.5749999999999886,1,0,8742.5
1999-09,293030.75,,575289.0,94.55,15295.25,8458.25,108.75,5899.0,19.1,-10099.065833333298,-3.3315976541502472,,,1.2749999999999915,1,0,8349.5
1999-10,285533.4,,575233.6,91.2,14817.8,8423.0,109.0,6083.2,19.080000000000002,-16993.50166666659,-5.617186958596678,,,-3.219999999999999,0,0,8314.0
1999-11,287685.0,,571591.75,91.05,14775.5,8105.0,109.75,6081.75,19.55,-14215.584999999963,-4.708697401166004,,,-4.299999999999997,0,0,7995.25
1999-12,277631.4,,568086.8,89.92,14597.4,8162.8,110.0,6057.6,18.86,-23581.274999999965,-7.828779117611822,,,-4.6299999999999955,0,0,8052.8
2000-01,274164.75,,567822.25,86.125,13897.0,7774.5,108.0,6005.0,19.5,-26445.31666666665,-8.797215928231275,,,-5.075000000000003,0,0,7666.5
2000-02,269770.25,,569168.5,85.7,13944.25,8120.0,108.0,6000.25,19.4,-30213.516666666663,-10.07171721403147,,,-5.349999999999994,0,0,8012.0
2000-03,276070.6,,569381.2,89.76,14545.0,8544.8,108.0,5885.2,19.240000000000002,-23312.38333333336,-7.786809749095635,,,-0.1599999999999966,0,0,8436.8
2000-04,286610.5,,569412.75,91.8,15109.25,9184.5,109.0,5833.5,19.175,-12222.020833333314,-4.089923278514206,,,5.674999999999997,0,0,9075.5
2000-05,292118.75,,569413.0,94.075,15449.75,9068.5,108.0,5783.0,19.075,-6345.216666666674,-2.1259573601235418,,,8.375,1,0,8960.5
2000-06,280961.6,,569014.6,95.64,15683.6,9059.2,109.8,5751.4,17.96,-17102.300000000047,-5.737796492631293,,,5.8799999999999955,1,0,8949.400000000001
2000-07,276020.0,,569273.75,96.075,15774.25,9449.0,109.0,5771.75,17.55,-21656.43333333335,-7.275158832974466,,,4.275000000000006,1,0,9340.0
2000-08,270641.75,,570797.5,95.45,15697.75,9434.75,108.0,5769.5,17.200000000000003,-26710.595833333326,-8.982809857603973,,,1.375,1,0,9326.75
2000-09,271478.2,,571173.8,95.06,15622.2,9331.2,107.0,5786.0,17.34,-25545.49583333335,-8.600490867121758,,,-0.5799999999999983,1,0,9224.2
2000-10,269194.5,,569922.5,92.30000000000001,15142.0,9251.0,105.0,5876.25,17.6,-27605.666666666686,-9.301095405943736,,,-3.7749999999999915,1,0,9146.0
2000-11,270779.25,,561274.0,92.0,15129.75,8629.0,105.0,5882.25,17.775,-25646.791666666686,-8.652003556255256,,,-3.450000000000003,0,0,8524.0
2000-12,274451.8,,545386.6,92.96000000000001,15194.8,8896.2,104.0,5900.6,18.18,-21635.21833333338,-7.3070472508783055,,,-2.0999999999999943,1,0,8792.2
2001-01,269867.0,,540678.0,91.325,15016.5,8606.75,103.0,5935.0,17.849999999999998,-25892.439166666707,-8.754560544076421,,,-0.9750000000000085,0,0,8503.75
2001-02,266600.75,,541675.25,89.94999999999999,14809.25,8715.25,101.0,5881.75,17.95,-28842.797500000044,-9.76254101470943,,,-2.0500000000000114,0,0,8614.25
2001-03,275139.2,,542135.8,90.3,14837.6,9461.4,99.2,5875.6,18.48,-20173.8808333333,-6.831353618473436,,,-2.660000000000011,0,0,9362.199999999999
2001-04,296133.0,,542320.25,94.125,15450.25,9770.75,97.75,5866.75,19.675,573.8066666667,0.19414272322077888,,,2.799999999999997,1,0,9673.0
2001-05,305427.5,,543154.75,95.1,15623.75,9524.75,97.0,5803.75,19.5,9534.678333333344,3.222341887048035,,,5.150000000000006,1,0,9427.75
2001-06,299959.2,,543270.0,95.44,15746.4,9179.6,96.0,5758.2,19.04,3929.504166666651,1.3274020214779356,,,5.140000000000001,1,0,9083.6
2001-07,296805.25,,543733.0,94.025,15442.0,9431.5,94.0,5740.5,19.05,740.2416666666395,0.25002673258611396,,,-0.09999999999999432,1,0,9337.5
2001-08,287810.2,,543733.8,92.66,15259.6,8685.8,94.6,5770.0,18.86,-8162.285000000033,-2.757785069108715,,,-2.4399999999999977,1,0,8591.199999999999
2001-09,288181.5,,544382.5,91.6,15148.25,8887.5,93.0,5791.75,18.9,-7754.318333333358,-2.62027029272919,,,-3.8400000000000034,0,0,8794.5
2001-10,289394.5,,544760.0,91.875,15195.5,9249.0,91.0,5739.5,19.2,-6599.710000000021,-2.229675371014866,,,-2.1500000000000057,0,0,9158.0
2001-11,294185.4,,546259.6,90.32000000000001,14942.2,9162.2,31.0,5869.8,19.580000000000002,-1904.6333333333023,-0.6432615484861989,,,-2.339999999999989,0,0,9131.2
2001-12,293837.75,,548440.75,89.125,14809.0,8666.75,35.0,5888.25,19.725,-2514.8499999999767,-0.84860061966724,,,-2.4749999999999943,0,0,8631.75
2002-01,297078.0,,551867.75,88.025,14640.25,8682.25,34.0,5916.0,20.1,334.4733333333279,0.11271461827338976,,,-3.8499999999999943,0,0,8648.25
2002-02,302201.75,,556977.25,86.475,14347.75,8445.25,33.0,5937.75,21.075,5191.077499999956,1.7477747369498835,,,-3.845000000000013,0,0,8412.25
2002-03,305014.6,,560487.2,86.44,14301.4,8358.8,33.0,5958.4,21.380000000000003,7747.0174999999,2.6060754539220228,,,-2.6850000000000023,0,0,8325.8
2002-04,306228.25,,563766.0,90.625,15140.25,8914.0,33.0,5899.75,20.575,8814.204999999958,2.9636142435707624,,,2.5999999999999943,0,0,8881.0
2002-05,303378.4,,568609.2,92.22,15326.4,8992.8,31.6,5889.6,19.82,5989.148333333316,2.013908807990931,,,5.7450000000000045,1,0,8961.199999999999
2002-06,305426.5,,573589.75,93.1,15424.0,9124.25,30.0,5915.75,19.9,8050.802499999991,2.7072832674902734,,,6.659999999999997,1,0,9094.25
2002-07,296540.75,,577516.25,93.4,15510.75,8993.5,30.0,5866.5,19.15,-762.147500000021,-0.2563538755958545,,,2.7750000000000057,1,0,8963.5
2002-08,285769.8,,579660.6,92.16,15331.6,9142.0,29.8,5834.0,18.580000000000002,-11409.547500000044,-3.83928008321643,,,-0.060000000000002274,1,0,9112.2
2002-09,269029.5,,583790.5,91.375,15165.0,8616.5,29.0,5603.75,17.6,-27880.980833333335,-9.390365996875651,,,-1.7249999999999943,0,0,8587.5
2002-10,264596.25,,587664.0,84.375,13999.25,9175.0,25.0,5432.0,18.549999999999997,-31902.945000000007,-10.75987575615509,,,-9.025000000000006,0,1,9150.0
2002-11,270612.6,,591961.6,90.4,15044.8,9364.8,10.0,5658.4,18.32,-25391.046666666633,-8.577950627500144,,,-1.759999999999991,0,0,9354.8
2002-12,269091.25,,598227.5,89.725,14927.5,8960.75,10.0,5755.5,17.875,-26396.942499999946,-8.9333324207193,,,-1.6500000000000057,0,0,8950.75
2003-01,258301.4,,599218.2,87.22,14518.2,8516.0,10.0,5737.0,17.52,-36528.84916666665,-12.389790148709267,,,2.844999999999999,0,0,8506.0
2003-02,255979.75,,599247.0,85.82499999999999,14229.5,8240.75,10.0,5901.0,18.075,-37995.14083333331,-12.924621121765922,,,-4.575000000000017,0,0,8230.75
2003-03,257101.75,,599247.0,89.075,14801.5,9082.5,10.0,5892.5,17.65,-36003.432499999995,-12.283451351120341,,,-0.6499999999999915,0,0,9072.5
2003-04,265664.0,,599397.75,92.8,15409.5,9651.25,10.0,5801.25,17.45,-26516.486666666635,-9.075379047101768,,,5.579999999999998,1,0,9641.25
2003-05,270302.6,,601036.8,95.28,15790.6,9965.0,10.0,5828.2,17.28,-20859.340000000026,-7.164171251228792,,,9.455000000000013,1,0,9955.0
2003-06,268626.5,,605517.0,94.625,15670.25,9746.0,10.0,5857.5,17.025,-21560.902499999967,-7.429992589013222,,,5.549999999999997,1,0,9736.0
2003-07,262200.5,,609673.0,93.775,15549.25,9714.0,10.0,5765.25,16.875,-26961.174166666635,-9.32390996986924,,,0.9750000000000085,1,0,9704.0
2003-08,263553.0,,614118.8,93.34,15542.6,10100.8,12.4,5738.8,16.98,-24592.824166666658,-8.534853572072556,,,-1.9399999999999977,1,0,10088.4
2003-09,262879.0,,620512.75,93.25,15501.0,10054.75,13.0,5725.75,16.85,-24541.886666666658,-8.538658046493627,,,-1.375,1,0,10041.75
2003-10,272649.4,,627064.0,92.0,15267.6,9943.8,10.0,5601.2,17.9,-14053.960000000021,-4.901916740703708,,,-1.7750000000000057,0,0,9933.8
2003-11,272505.75,,632361.5,92.175,15277.5,9645.25,10.0,5670.0,17.775,-13369.085000000021,-4.676551890270447,,,-1.1650000000000063,1,0,9635.25
2003-12,257757.25,,635223.0,92.375,15342.75,9406.0,10.0,5627.5,16.75,-27061.793333333335,-9.501398858945679,,,-0.875,1,0,9396.0
2004-01,250329.0,,639724.0,89.92,14907.0,9579.6,10.0,5701.0,16.6,-33476.03000000003,-11.79543223740609,,,-2.0799999999999983,0,0,9569.6
2004-02,256367.0,,644301.75,89.125,14721.75,9362.75,10.0,5661.0,17.4,-26434.85916666669,-9.347484222544502,,,-3.049999999999997,0,0,9352.75
2004-03,269104.5,,649048.25,88.325,14604.75,9867.75,10.0,5662.0,18.4,-12792.97583333333,-4.538166152611079,,,-4.049999999999997,0,0,9857.75
2004-04,280051.8,12456.25,654706.0,90.82000000000001,15068.4,9830.8,10.0,5620.4,18.86,-1100.4958333333489,-0.39142338499192664,,,0.9000000000000057,0,0,9820.8
2004-05,283561.25,14834.5,659547.5,95.2,15874.5,10265.25,13.5,5576.25,18.1,2958.441666666651,1.0543164853689784,,,6.075000000000003,1,0,10251.75
2004-06,287819.5,14383.5,661600.25,96.025,16042.75,10383.25,10.0,5422.75,18.025,7693.466666666674,2.74643044600996,,,7.700000000000003,1,0,10373.25
2004-07,285176.4,15884.0,663322.4,95.94,15991.6,10353.6,10.0,5407.2,17.84,5538.333333333372,1.9805362693825088,,,5.11999999999999,1,0,10343.6
2004-08,275610.75,14472.25,666894.0,95.55,15945.0,10190.0,13.0,5292.75,17.225,-3555.791666666686,-1.273716988231494,,,0.3499999999999943,1,0,10177.0
2004-09,260789.25,14556.0,669650.75,91.0,15214.0,9734.25,10.0,5182.5,16.55,-17839.93333333335,-6.402751183457636,,,-5.025000000000006,0,0,9724.25
2004-10,264825.2,14498.4,669521.8,88.52000000000001,14795.8,10264.8,15.6,5013.0,18.0,-13458.84666666662,-4.836370186461984,,,-7.4199999999999875,0,0,10249.199999999999
2004-11,276098.0,15352.75,671016.25,93.25,15533.5,10242.25,13.0,5378.25,18.05,-1992.929999999993,-0.7166468895623432,,,-2.299999999999997,1,0,10229.25
2004-12,277708.2,16487.0,673443.6,94.02000000000001,15703.4,10282.6,10.0,5429.4,17.759999999999998,-384.0100000000093,-0.13808729126213543,,,3.0200000000000102,1,0,10272.6
2005-01,277244.25,16716.25,677077.75,92.025,15303.5,10109.25,10.0,5435.0,17.875,-899.2849999999744,-0.32331688025751687,,,3.5049999999999955,1,0,10099.25
2005-02,280665.25,17738.0,680690.5,90.3,15049.25,10014.0,10.0,5444.0,18.55,2340.1316666666535,0.8407906841753384,,,-2.950000000000003,0,0,10004.0
2005-03,291615.0,19661.0,684479.5,90.375,15045.5,10244.5,11.75,5492.25,19.450000000000003,13030.808333333349,4.6775117623777644,,,-3.6450000000000102,0,0,10232.75
2005-04,305712.4,22123.8,689602.0,91.9,15371.0,10118.6,10.0,5442.2,20.0,26809.843333333323,9.61262014007831,,,-0.125,0,0,10108.6
2005-05,316347.75,21239.0,692670.75,94.15,15704.75,10465.0,19.25,5526.75,20.4,37041.37666666665,13.261916018815748,,,3.8500000000000085,1,0,10445.75
2005-06,312860.25,19793.25,695059.25,95.675,16156.5,10496.25,17.0,5489.25,19.475,33022.232499999984,11.80048114799126,,,5.299999999999997,1,0,10479.25
2005-07,304366.0,18826.4,697397.8,95.28,15982.6,10378.8,19.0,5263.2,18.919999999999998,24055.549166666635,8.581752515880885,,,3.3799999999999955,1,0,10359.8
2005-08,305516.75,18301.25,699855.0,94.75,15884.25,10600.5,19.0,5399.5,19.25,24625.049166666635,8.766741450035887,,,0.5999999999999943,1,0,10581.5
2005-09,292482.8,16307.2,696982.8,84.28,14190.4,9260.6,19.0,4257.8,19.52,11241.022499999963,3.996924852318558,,,-11.394999999999996,0,1,9241.6
2005-10,297380.75,14983.0,687880.0,79.3,13351.5,9460.75,20.0,4056.0,22.575,15669.201666666602,5.562143887735167,,,-15.980000000000004,0,1,9440.75
2005-11,304946.75,16946.25,684675.0,86.9,14699.0,10049.0,20.0,4558.25,21.425,22665.74333333329,8.029496423079669,,,-7.849999999999994,0,0,10029.0
2005-12,305568.2,20868.2,685200.0,89.4,15175.8,10222.8,20.0,4919.8,20.2,22768.58666666667,8.05113783512481,,,5.1200000000000045,0,0,10202.8
2006-01,303965.0,21474.5,684199.0,87.375,14838.5,9642.25,20.25,5028.5,20.275,20597.08666666667,7.268672879853464,,,8.075000000000003,0,0,9622.0
2006-02,309132.75,21759.25,684175.0,85.925,14535.0,9990.25,21.0,4972.0,21.175,25055.969999999972,8.820140104375996,,,-0.9750000000000085,0,0,9969.25
2006-03,323092.8,24338.4,685360.0,85.66,14495.6,9893.8,21.2,5055.0,22.36,38216.79333333328,13.415237660941633,6671.716666666667,37.764398335473274,-3.740000000000009,0,0,9872.599999999999
2006-04,329308.25,24918.25,687020.75,87.2,14850.75,9719.75,22.0,5106.75,22.35,43879.32249999995,15.373116833086215,6961.504000000001,38.76818216396223,-0.17499999999999716,0,0,9697.75
2006-05,329467.0,23819.0,688463.25,90.275,15375.75,10197.25,21.0,5094.5,21.675,43637.414166666626,15.266933980764158,5636.78269230769,31.001624262421224,4.3500000000000085,0,0,10176.25
2006-06,328665.2,23690.4,688598.0,92.78,15899.2,10701.4,21.2,5159.4,20.9,42357.18083333329,14.794269806559685,5304.175925925927,28.848641812242487,7.1200000000000045,1,0,10680.199999999999
2006-07,318843.75,25121.0,687847.0,91.675,15683.75,10314.5,22.0,5155.25,20.15,32168.422499999986,11.221203715202867,6494.248214285715,34.86516752355316,4.474999999999994,0,0,10292.5
2006-08,315473.5,24678.25,687843.75,92.2,15683.5,10384.25,21.0,5120.0,20.125,28337.117499999993,9.868870413870312,5842.825862068963,31.020410367625328,1.9249999999999972,1,0,10363.25
2006-09,311102.4,23142.4,687839.4,92.46000000000001,15816.6,10630.0,21.0,5108.6,19.6,23584.00250000006,8.202606408864693,4163.4100000000035,21.936941849908788,-0.3199999999999932,1,0,10609.0
2006-10,316772.0,22559.5,688121.5,87.65,15064.25,10095.25,21.0,5228.25,20.775,28797.31083333335,9.999945105129283,3465.0096774193553,18.1466465921938,-4.0249999999999915,0,0,10074.25
2006-11,321826.75,24101.5,688582.5,87.64999999999999,15059.5,9871.25,21.0,5238.5,21.35,33391.3716666667,11.576725386328171,4850.5406250000015,25.196357908786048,-4.550000000000011,0,0,9850.25
2006-12,312525.6,26079.4,688605.0,90.44,15497.6,9610.8,21.0,5360.6,20.380000000000003,23778.75749999995,8.23515758445045,6621.5181818181845,34.03000513463347,-2.0200000000000102,0,0,9589.8
2007-01,303611.5,23999.0,688605.0,88.475,15096.0,10084.25,22.0,5288.0,19.8,14755.76583333331,5.108351362974636,4407.555882352943,22.49735065922385,0.8249999999999886,0,0,10062.25
2007-02,308953.5,21949.5,688605.0,86.275,14677.25,9598.75,22.0,5301.75,20.9,19985.236666666635,6.916066296046178,2290.6828571428596,11.652190670969027,-1.3749999999999858,0,0,9576.75
2007-03,310643.4,23741.6,688603.6,86.34,14787.0,9793.8,22.0,5236.2,21.119999999999997,21581.32333333342,7.465982249279982,3969.3722222222204,20.075493094831938,-4.099999999999994,0,0,9771.8
2007-04,316802.75,27238.25,688978.5,88.725,15183.5,10005.5,22.0,5130.25,21.025,27564.4316666667,9.530006890338788,7264.237837837838,36.368446053111306,0.25,0,0,9983.5
2007-05,325231.25,27066.0,689691.25,90.175,15488.0,10558.25,22.75,5171.75,21.25,35628.71750000003,12.302626359111702,6905.356578947369,34.2516676414032,3.8999999999999915,0,0,10535.5
2007-06,330688.8,25101.0,690270.0,89.16,15349.4,10490.2,23.0,5134.6,21.48,40665.22916666663,14.021353178233761,4813.68076923077,23.727534991069646,2.819999999999993,0,0,10467.2
2007-07,332823.5,21855.0,690270.0,91.625,15810.75,10235.75,23.0,5197.25,21.325,42195.216666666674,14.518620205409007,1528.4887500000004,7.519680732226002,2.9000000000000057,0,0,10212.75
2007-08,318137.6,19122.8,690270.4,91.41999999999999,15734.2,10149.0,24.2,5127.0,20.139999999999997,26969.853333333274,9.262651389821956,-1174.352439024391,-5.785798981173922,1.2449999999999903,0,0,10124.8
2007-09,303878.0,18718.75,691673.5,88.625,15273.25,10015.75,25.0,5064.75,19.6,12129.445000000007,4.15749959755585,-1540.8214285714275,-7.605399916794174,-0.5349999999999966,0,0,9990.75
2007-10,300595.5,17554.75,693475.5,87.1,15025.25,9690.25,24.0,5099.25,19.925,8246.95749999996,2.820933338499527,-2641.918604651164,-13.080962293171197,-4.525000000000006,0,0,9666.25
2007-11,294362.2,14504.8,694734.0,87.94000000000001,15149.8,9938.2,25.0,5090.4,19.580000000000002,1617.8308333333116,0.5526428528544096,-5562.507954545457,-27.71925346013086,-3.4799999999999756,0,0,9913.2
2007-12,278453.0,17435.5,695744.75,88.525,15279.5,9747.0,25.0,5105.5,18.2,-14447.398333333374,-4.9325294248632625,-2573.3233333333337,-12.8609428473805,-0.09999999999999432,0,0,9722.0
2008-01,270592.5,16416.0,697727.25,87.475,15080.0,10101.75,25.75,5026.0,17.725,-22512.75,-7.680773374069553,-3514.718478260871,-17.634680265513243,0.375,0,0,10076.0
2008-02,286396.4,16660.2,698448.0,84.7,14601.8,9949.6,26.0,5037.0,19.580000000000002,-7215.79416666663,-2.4575934889715927,-3200.932978723402,-16.116567882368336,-3.240000000000009,0,1,9923.6
2008-03,296158.0,17751.5,699394.75,83.35,14347.75,9799.25,26.0,5097.5,20.375,1894.8683333333465,0.6439367115414928,-2065.682291666668,-10.423693243894258,-5.175000000000011,0,1,9773.25
2008-04,298921.5,18588.0,700964.0,83.85,14540.0,9511.75,26.0,5098.0,20.8,4104.076666666719,1.392073989476013,-1204.0969387755104,-6.083725956376631,-3.625,0,1,9485.75
2008-05,300519.0,20864.2,702672.8,87.42,15112.6,9708.6,26.2,5107.8,20.18,5197.969999999972,1.760108313315842,1050.661,5.302742735661711,2.719999999999999,0,0,9682.4
2008-06,283653.5,20864.0,704916.5,88.925,15357.25,10091.5,27.0,5125.5,18.475,-11917.98000000004,-4.03218199536709,1029.8637254901987,5.192380002015751,5.575000000000003,0,0,10064.5
2008-07,277966.75,19657.75,706127.0,88.25,15307.25,10037.25,27.0,5106.0,18.1,-17867.500833333354,-6.039699859973116,-172.99423076922903,-0.8723536986615587,4.400000000000006,0,0,10010.25
2008-08,284293.8,18112.8,707134.0,86.92,15008.4,10129.6,26.8,5078.4,18.94,-11886.130833333358,-4.013145252580241,-1685.5301886792477,-8.513496707126542,-0.5,0,0,10102.800000000001
2008-09,276045.5,15863.75,706157.0,73.675,12669.0,8305.75,26.0,3960.75,20.15,-20353.872499999998,-6.867043046793224,-3861.7175925925912,-19.577318380238363,-15.25,0,1,8279.75
2008-10,291710.0,15594.0,702020.2,83.7,14433.8,10243.2,27.0,4615.0,21.34,-5007.049166666635,-1.687482799093949,-4056.3499999999985,-20.642634864010052,-4.549999999999997,0,1,10216.2
2008-11,299119.25,20067.25,701830.25,85.0,14609.75,9959.25,27.0,4988.0,20.425,1958.6425000000163,0.6591191599983576,409.4553571428587,2.082916037031847,-1.9200000000000017,0,0,9932.25
2008-12,302149.5,26778.0,701826.5,84.675,14555.0,9499.75,28.0,5017.5,20.6,4249.021666666667,1.4263225391374696,6995.28947368421,35.360621914670304,11.0,0,1,9471.75
2009-01,315732.4,33239.4,702418.4,83.82000000000001,14346.0,9965.0,28.0,5036.8,21.96,16741.86500000005,5.599463207087826,13224.6775862069,66.07474894127508,0.12000000000000455,0,1,9937.0
2009-02,332552.75,34559.75,704214.75,82.1,14137.75,9060.5,28.75,5330.75,23.475,32292.452500000014,10.75481932472275,14298.501694915256,70.57068488384755,-2.9000000000000057,0,1,9031.75
2009-03,336642.5,32508.5,708387.25,82.125,14147.25,9309.75,29.0,5431.75,23.775,35256.56916666671,11.698146980246277,12043.130833333336,58.846389406690015,-2.549999999999997,0,1,9280.75
2009-04,349523.0,29628.25,714789.5,82.075,14281.0,9600.5,30.25,5410.25,24.575,46979.21583333338,15.528071734388456,8876.680833333336,42.77594991511286,-1.7450000000000045,0,1,9570.25
2009-05,350304.8,29773.4,720395.2,84.44,14549.0,9168.6,30.4,5332.0,24.240000000000002,46648.62333333335,15.362316632386857,8772.849166666667,41.774376473696464,2.3400000000000034,0,1,9138.2
2009-06,337431.5,28696.5,722546.0,86.475,14862.5,9163.5,30.0,5262.75,22.875,32948.45666666672,10.821113815062716,7457.399166666666,35.111651972397915,4.349999999999994,0,0,9133.5
2009-07,328149.8,31448.8,723961.0,85.92,14778.4,9457.4,30.8,5174.2,22.04,22950.533333333326,7.519852057311625,9950.285833333332,46.28359781608162,3.844999999999999,0,0,9426.6
2009-08,327665.25,32470.75,724093.0,84.7,14575.75,9111.0,31.0,5189.5,22.575,21598.408333333326,7.056761920278795,10672.26083333333,48.95871797231205,0.2600000000000051,0,1,9080.0
2009-09,318124.75,28365.5,724714.75,86.075,14869.5,9331.25,31.0,5311.25,21.375,11102.316666666651,3.616125553474752,6336.852499999997,28.766416549177592,-0.3999999999999915,0,0,9300.25
2009-10,319911.4,25547.4,725084.0,81.88,14189.4,8708.8,31.8,5371.2,22.259999999999998,11970.863333333342,3.887394450536833,3334.602500000001,15.012078059956208,-4.040000000000006,0,1,8677.0
2009-11,319976.0,28923.0,725211.25,79.825,13858.5,8646.5,32.0,5454.25,22.975,11304.16333333333,3.6621945997427177,6484.031666666666,28.89630026811244,-4.875,0,1,8614.5
2009-12,312465.25,34176.5,726128.25,80.35,13845.25,7910.75,32.0,5524.5,22.525,3214.129166666651,1.0393266022789494,11442.706666666665,50.33346832571423,-5.7250000000000085,0,1,7878.75
2010-01,308210.8,33779.8,726615.8,79.16,13741.2,8416.6,32.6,5446.2,22.32,-1556.4300000000512,-0.5024514697697529,10761.614166666666,46.75266002537196,-2.719999999999999,0,1,8384.0
2010-02,315416.25,30451.25,726611.5,80.5,13885.75,8802.5,33.0,5493.0,23.0,5069.83666666667,1.6336056899170017,7221.176666666663,31.08546651165685,0.6749999999999972,0,1,8769.5
2010-03,327313.75,30477.0,726607.5,81.25,14035.25,8844.25,33.0,5523.0,23.400000000000002,16372.357499999984,5.26541589344686,7066.659999999996,30.1860630815272,0.9000000000000057,0,1,8811.25
2010-04,336243.0,33668.2,726602.8,86.92,14839.4,9537.2,33.6,5484.8,23.060000000000002,24792.76416666672,7.960425555732795,10065.453333333331,42.64526275473023,7.760000000000005,0,0,9503.6
2010-05,342737.0,37620.75,726597.0,87.9,15104.5,9724.75,34.0,5477.25,22.775,30846.943333333358,9.890325989552503,13744.974166666667,57.56870169419626,7.400000000000006,0,0,9690.75
2010-06,342680.25,36949.75,726593.75,88.7,15146.25,9706.75,33.5,5426.5,22.625,30293.193333333358,9.69732666153892,12788.032499999998,52.92683560264288,7.450000000000003,0,0,9673.25
2010-07,336098.0,36806.8,726590.2,90.72,15450.2,9890.6,33.0,5430.4,21.94,23182.07666666672,7.408404283080232,12345.409166666672,50.46895841197912,3.799999999999997,0,0,9857.6
2010-08,336686.75,36691.5,726584.75,88.2,15004.0,9640.5,32.25,5426.0,22.1,23251.32666666672,7.418219172355426,11923.605,48.14137414584485,0.29999999999999716,0,0,9608.25
2010-09,337836.5,34894.5,726422.25,87.35,14907.75,9059.75,32.75,5573.5,22.625,23645.1816666667,7.525727251820798,9816.816666666666,39.145628151457366,-1.3500000000000085,0,0,9027.0
2010-10,342646.2,34273.8,726495.6,82.6,14016.2,8739.0,33.0,5542.2,24.0,27700.457500000077,8.795310989161912,8874.603333333336,34.94048827528536,-8.120000000000005,0,1,8706.0
2010-11,339165.5,33256.0,726549.25,83.625,14182.75,8355.75,33.75,5582.25,24.049999999999997,23649.445000000065,7.4954806974878245,7584.974166666667,29.5468292381901,-4.575000000000003,0,1,8322.0
2010-12,322105.6,36271.6,726546.8,87.8,14944.0,8548.6,33.2,5591.4,21.9,6313.9216666666325,1.9993945692267368,10343.850833333334,39.894904747966464,0.45000000000000284,0,0,8515.4
2011-01,316555.25,37545.5,726544.25,83.925,14374.0,9073.25,33.0,5417.25,21.625,553.7341666666907,0.17523149064852692,11349.900833333333,43.327509942112094,1.3250000000000028,0,1,9040.25
2011-02,324369.0,37768.5,726543.25,81.55000000000001,13885.0,8322.75,33.0,5600.5,23.049999999999997,8113.546666666691,2.5655041142057433,11306.080000000002,42.72504177622456,-2.0749999999999886,0,1,8289.75
2011-03,330209.5,40591.5,726542.0,83.4,14201.5,8774.0,33.75,5580.5,23.6,13835.434999999998,4.373125527846285,13858.195,51.83868960459621,-4.3999999999999915,0,1,8740.25
2011-04,338591.0,41154.0,726542.0,82.76,14125.6,8743.4,34.0,5626.2,23.860000000000003,22062.222500000033,6.970052667644108,14150.099166666667,52.400204155689735,-1.164999999999992,0,1,8709.4
2011-05,349066.25,40409.0,726542.0,84.3,14536.75,9071.0,34.0,5604.75,24.45,32210.818333333358,10.165777548424446,13128.599166666667,48.12465640396719,2.749999999999986,0,1,9037.0
2011-06,342393.25,38049.25,726536.5,87.65,15126.5,8816.25,34.75,5629.75,22.875,25309.017500000016,7.981796288151924,10529.535,38.261787958196514,4.25,0,0,8781.5
2011-07,332905.0,36882.0,724723.4,88.86,15400.6,9434.2,35.0,5517.8,21.740000000000002,15586.41333333333,4.91191313344225,9166.268333333333,33.07243858316568,6.099999999999994,0,0,9399.2
2011-08,331194.5,33754.0,709249.0,89.65,15537.5,9200.0,35.0,5569.75,21.35,13613.896666666667,4.286753197070254,5887.005833333336,21.125370745493342,5.3500000000000085,0,0,9165.0
2011-09,321211.4,31585.0,696144.6,87.96000000000001,15212.4,8766.4,35.6,5605.6,20.96,3462.3133333333535,1.0896375406313845,3577.2958333333336,12.772542197838721,0.3100000000000023,0,0,8730.8
2011-10,314852.25,31323.75,695952.25,84.35,14575.25,8833.5,36.0,5865.75,21.325,-2864.840833333321,-0.9016955385746456,3169.9749999999985,11.259502500108772,-4.510000000000005,0,1,8797.5
2011-11,312900.5,31621.25,695950.75,84.375,14593.75,8640.75,36.0,5872.75,21.45,-4667.820000000007,-1.4698632407665875,3342.145833333332,11.818428948936821,-5.275000000000006,0,1,8604.75
2011-12,307738.8,30339.2,695951.0,85.38,14769.8,8670.6,36.0,5856.4,20.84,-9749.73999999999,-3.070895094355214,1989.0991666666705,7.016197855380953,-2.5800000000000125,0,0,8634.6
2012-01,309300.25,29037.0,695951.0,83.325,14511.25,8976.25,36.75,5753.0,21.125,-8283.102499999979,-2.6081664655265517,602.9325000000026,2.1204581440907204,-1.0249999999999915,0,1,8939.5
2012-02,315370.25,32237.0,695951.0,83.975,14653.0,8861.75,37.0,5803.25,21.75,-2320.0483333332813,-0.7302861766647323,3631.4741666666705,12.6950093063313,-0.4000000000000057,0,1,8824.75
2012-03,325457.4,38650.6,695951.0,83.8,14523.2,8939.0,37.6,5866.4,22.36,7520.2016666666605,2.365310415418045,9796.590833333332,33.95226908242184,-1.5799999999999983,0,1,8901.4
2012-04,344968.0,41619.25,695951.0,84.775,14498.25,8707.0,38.75,6079.25,23.775,26561.3808333333,8.341968801669294,12525.557499999999,43.052484657971824,1.4500000000000028,0,1,8668.25
2012-05,357930.75,45724.5,695951.0,87.975,14985.5,8871.75,39.0,6187.75,24.175,38979.1391666666,12.221019691615528,16319.8325,55.50082312612445,4.0,0,0,8832.75
2012-06,359457.6,47596.4,695951.0,91.9,15594.4,9082.2,39.0,6237.0,23.32,40026.509166666656,12.530561462331457,17816.80916666667,59.828925341458,8.100000000000009,0,0,9043.2
2012-07,351334.25,46162.25,695950.75,92.475,15669.75,8900.5,39.5,6294.5,22.45,31594.646666666667,9.881367943566495,15977.538333333334,52.932552445009826,7.699999999999989,1,0,8861.0
2012-08,337643.6,44894.6,695950.0,90.74,15348.8,8616.2,40.0,6077.8,21.740000000000002,17578.896666666667,5.492294677791765,14280.358333333334,46.6461279322886,2.7650000000000006,0,0,8576.2
2012-09,337531.0,43873.75,694951.5,87.30000000000001,14676.75,8528.5,40.75,6208.0,22.875,16905.41333333333,5.272633887110444,12840.258333333335,41.3754870745826,-4.599999999999994,0,0,8487.75
2012-10,344173.75,43912.25,694952.0,87.25,14805.0,8328.25,41.0,6620.75,23.275,22821.85916666669,7.101828188247093,12439.466666666667,39.52452039248727,-5.224999999999994,0,0,8287.25
2012-11,347231.4,44657.0,694952.0,87.62,14954.2,7999.4,41.8,6746.2,23.419999999999998,24998.355833333393,7.757849880971129,12681.68,39.66083842163269,-3.1199999999999903,0,0,7957.599999999999
2012-12,341113.0,48177.0,694952.0,90.65,15407.5,8004.25,42.75,6921.0,22.225,17835.622499999998,5.5171266971812765,15689.321666666667,48.29314519089212,3.3499999999999943,0,0,7961.5
2013-01,335311.0,51252.5,695236.5,86.4,14761.25,8042.5,43.5,7006.25,22.25,10954.980833333335,3.3774556925068935,18184.213333333333,54.989886584185484,-0.8499999999999943,0,0,7999.0
2013-02,346048.0,50711.25,695928.5,84.0,14357.0,7682.25,44.0,7068.75,24.025,20697.787499999977,6.361694784508547,17075.44583333333,50.765683343629476,-3.6200000000000045,0,1,7638.25
2013-03,355997.6,49566.8,695969.0,83.74,14485.0,7649.8,44.6,7140.8,24.84,29650.060833333293,9.085424976405571,15400.740833333337,45.07614050015671,-6.910000000000011,0,1,7605.2
2013-04,361220.75,50550.5,695969.0,85.25,14846.5,7720.25,46.0,7256.75,24.225,33834.889999999956,10.334866020175689,15851.732499999998,45.68384885716761,-1.1500000000000057,0,0,7674.25
2013-05,366023.6,49915.6,695969.0,87.42,15234.6,7688.8,47.6,7308.0,24.32,37545.996666666644,11.430306445753509,14732.642499999994,41.874371988199094,3.4200000000000017,0,0,7641.2
2013-06,362836.0,49193.25,695969.0,89.8,15640.5,7997.75,49.0,7220.25,23.55,33038.68833333335,10.017876788130486,13538.138333333329,37.9696983139444,6.060000000000002,0,0,7948.75
2013-07,338944.75,44797.5,695969.0,92.2,16087.75,7857.5,51.0,7497.0,21.15,8131.138333333365,2.457921332912515,8723.392499999994,24.181866453660685,6.950000000000003,1,0,7806.5
2013-08,332419.8,37432.2,695969.0,90.84,15811.8,8082.2,53.8,7575.8,20.96,804.0883333333186,0.2424759458145251,1036.1025000000009,2.8467406430043796,3.4200000000000017,0,0,8028.4
2013-09,330400.5,33253.5,695969.0,91.075,15760.5,7970.75,55.5,7783.25,20.825,-2121.1283333332976,-0.6378918399879215,-3432.426666666659,-9.35624905390603,1.2750000000000057,0,0,7915.25
2013-10,348118.0,33618.0,695969.0,86.35,14912.5,7790.5,56.0,7746.5,22.975,14656.238333333342,4.3951781038042785,-3368.3266666666605,-9.106951055245807,-5.8500000000000085,0,0,7734.5
2013-11,358396.2,39174.2,695969.0,89.17999999999999,15516.6,7691.6,56.4,7968.6,23.520000000000003,23946.489166666695,7.1599670715816455,1869.424166666664,5.011219407988662,-1.6600000000000108,0,0,7635.200000000001
2013-12,339051.0,40412.0,695969.0,92.3,16135.5,7406.0,57.5,8091.25,21.2,3986.2641666667187,1.1896997028805656,2879.990833333337,7.673425689907232,1.2249999999999943,1,0,7348.5
2014-01,323861.0,41058.4,695969.0,88.62,15509.4,7465.8,59.2,8088.8,20.48,-11339.212500000023,-3.382817813696948,3396.0741666666727,9.017165274644167,2.2700000000000102,0,0,7406.6
2014-02,331104.0,35099.25,695969.0,87.325,15226.0,7374.75,62.5,8104.0,21.775,-4072.066666666651,-1.2149037689842963,-2572.0674999999974,-6.827654753513725,-1.8549999999999898,0,0,7312.25
2014-03,345435.25,29081.0,695969.0,86.325,15086.25,7267.0,64.75,8194.75,22.875,10112.637500000012,3.015793484550646,-8533.192499999997,-22.68609780736353,-5.974999999999994,0,0,7202.25
2014-04,362037.25,26473.75,694754.0,89.575,15721.0,7715.5,68.0,8310.5,23.425,26506.06666666665,7.899732717341568,-11087.8675,-29.519142779194745,0.9549999999999983,0,0,7647.5
2014-05,362402.6,22750.2,691459.4,89.67999999999999,15885.6,7082.6,72.2,8413.4,22.84,26669.786666666623,7.9437533680056,-14694.36416666667,-39.242983577700876,2.3549999999999898,0,0,7010.400000000001
2014-06,354869.0,21225.5,690971.75,88.725,15708.5,7246.5,173.5,8456.25,22.55,18845.561666666646,5.608406889751529,-16094.5475,-43.125742270290516,2.3999999999999915,0,0,7073.0
2014-07,342269.5,19479.5,690972.0,93.175,16506.75,7465.75,278.5,8528.5,21.075,6010.733333333337,1.7875320821871026,-17641.059166666673,-47.5236891973004,3.5999999999999943,1,0,7187.25
2014-08,331594.4,19495.6,690972.0,92.84,16399.0,7635.2,331.0,8569.4,20.18,-4729.852499999979,-1.4063370288766133,-17408.706666666672,-47.172561251207185,3.160000000000011,1,0,7304.2
2014-09,327705.5,20262.5,690971.5,92.525,16134.75,7472.25,393.75,8783.0,20.075,-8778.431666666642,-2.608870986256449,-16506.756666666675,-44.89282124006316,3.8000000000000114,1,0,7078.5
2014-10,342701.4,20273.8,690967.8,87.82000000000001,15339.4,7341.0,416.4,8940.4,22.06,5837.635000000009,1.7329364587491354,-16407.563333333328,-44.72997141418498,-5.35499999999999,0,0,6924.6
2014-11,348156.75,23559.0,690965.75,91.55,15994.5,7322.75,392.5,9056.75,22.2,10823.305833333288,3.2084888173690262,-13032.963333333333,-35.61701025607717,-1.2900000000000063,0,0,6930.25
2014-12,350872.75,28080.25,690963.0,94.2,16411.5,7531.25,381.0,9125.75,21.475,12899.180833333288,3.816624141686135,-8410.109166666662,-23.047482564515718,1.6749999999999972,1,0,7150.25
2015-01,363976.0,36601.4,690958.4,89.66,15604.4,7275.0,433.6,9180.0,22.9,25073.010833333305,7.398285537399857,64.01416666666773,0.1752018246698622,1.8399999999999892,0,0,6841.4
2015-02,396376.25,46688.75,690955.25,88.175,15340.5,7259.5,490.0,9278.75,25.75,56123.92749999999,16.494796299296382,9880.739166666666,26.843991139338257,-3.375,0,0,6769.5
2015-03,427918.0,55299.5,690952.5,88.575,15498.5,7257.25,490.5,9398.25,27.875,85988.94,25.148181321587582,18077.780833333338,48.5678287786412,-5.625,0,0,6766.75
2015-04,453767.5,61380.75,690950.0,91.225,16055.75,7644.0,494.0,9381.75,28.575,109879.6983333333,31.95219423335074,23697.155000000006,62.8845390149215,1.5649999999999977,0,0,7150.0
2015-05,449211.4,60367.6,691469.6,92.67999999999999,16277.0,6938.0,456.6,9431.4,27.76,103549.02500000002,29.956695460418576,22304.89083333334,58.60037638326281,4.5049999999999955,1,0,6481.4
2015-06,434569.5,57182.75,693068.75,94.175,16480.25,6992.0,506.0,9599.5,26.425,87375.63750000001,25.16623907774292,18782.824166666673,48.913699073767766,5.599999999999994,1,0,6486.0
2015-07,429155.4,57312.0,694849.6,95.34,16825.6,7467.2,572.0,9520.4,25.7,80410.58083333331,23.05713989543304,18570.32083333333,47.93370146256136,4.115000000000009,1,0,6895.2
2015-08,422227.75,57388.5,695133.25,94.625,16712.75,7666.25,526.5,9324.5,25.025,72057.24749999994,20.577760543950994,18301.870833333334,46.823865919195946,1.9450000000000074,1,0,7139.75
2015-09,424510.25,54482.5,695129.5,91.175,16197.0,7344.5,489.25,9121.0,25.95,72895.18499999994,20.731530658391993,15069.404166666667,38.23451025108723,-3.0,0,0,6855.25
2015-10,441814.2,53568.8,695127.4,87.24,15484.8,7165.8,517.2,9127.2,28.22,88546.33499999996,25.064927714271423,13834.120833333334,34.816238921437545,-8.100000000000009,0,0,6648.6
2015-11,455785.75,57459.25,695125.5,91.575,16299.5,7356.25,474.5,9183.5,28.625,100574.21416666661,28.31389299638524,17321.183333333334,43.15400509242266,-3.049999999999997,0,0,6881.75
2015-12,454872.5,61149.75,695122.25,92.225,16603.25,7887.75,472.5,9180.25,27.425,97448.1825,27.26400463784896,20597.0475,50.7908135099011,1.0499999999999972,1,0,7415.25
2016-01,458442.2,63943.2,695118.4,89.66,16096.8,7868.4,459.6,9223.2,28.04,98653.10000000003,27.4197022644655,22950.535833333328,55.986934003659215,2.4200000000000017,0,0,7408.799999999999
2016-02,476630.75,65188.0,695115.5,87.5,15723.75,7784.25,396.0,9125.0,30.375,114303.95416666666,31.54719868393209,23738.344166666662,57.27030463682779,-4.075000000000003,0,0,7388.25
2016-03,497084.0,66657.75,695113.0,89.225,15990.25,7968.25,387.0,9051.5,31.275,131975.96250000002,36.147098651587484,24773.656666666662,59.14812687839805,-3.0,0,0,7581.25
2016-04,506509.6,65502.6,695111.0,89.56,16062.2,7718.2,359.4,8940.2,31.5,138602.91916666663,37.673390125105016,23212.696666666663,54.88945312478446,-0.09999999999999432,0,0,7358.8
2016-05,507015.0,67657.25,695106.5,89.775,16258.75,7621.5,414.75,8773.75,31.4,136475.83999999997,36.83169141960595,24913.20916666666,58.284637299051155,2.2750000000000057,0,0,7206.75
2016-06,499672.5,65357.25,695104.0,91.35,16483.5,7830.25,516.25,8690.0,30.55,126512.01916666667,33.90284493259923,22158.07583333333,51.29282274666939,2.125,0,0,7314.0
2016-07,491227.0,64295.2,695099.8,92.74,16706.4,8302.6,629.6,8476.4,29.5,115427.81916666665,30.715292915409204,20639.139166666668,47.276686839568846,3.1799999999999926,1,0,7673.0
2016-08,492907.5,64639.75,695095.25,92.75,16689.0,8539.0,682.25,8519.5,29.475,114413.10249999998,30.228479802002873,20468.926666666666,46.34037838099312,2.9749999999999943,1,0,7856.75
2016-09,475209.8,62614.0,695092.2,91.4,16522.6,7797.0,490.8,8485.4,28.560000000000002,94148.76250000001,24.707003139884122,17926.026666666665,40.113760659840466,0.05000000000001137,0,0,7306.2
2016-10,473351.25,59461.5,695089.0,85.325,15480.5,7694.75,434.75,8485.0,30.05,89648.5625,23.364069478924357,14304.56416666667,31.67744644911784,-7.414999999999992,0,0,7260.0
2016-11,488117.0,59558.5,695086.25,89.225,16155.75,7747.75,458.5,8690.5,30.825,101494.03749999998,26.251425120669076,13935.943333333336,30.546169157405846,-3.5250000000000057,0,0,7289.25
2016-12,483894.6,66400.0,695083.0,91.08,16559.0,7896.8,570.8,8763.0,29.419999999999998,94335.70749999996,24.21603236794292,20176.430000000008,43.64965752320734,-0.3200000000000074,0,0,7326.0
2017-01,487905.75,65521.25,695080.75,90.2,16392.25,8382.5,644.75,8941.5,29.4,95370.09916666668,24.29590763646583,18689.60916666667,39.90808101979629,4.875,0,0,7737.75
2017-02,516394.5,64103.25,695077.5,85.85,15571.5,8184.5,881.25,8997.0,32.725,120508.445,30.440184360623668,16740.505000000005,35.34530146003997,-3.375,0,0,7303.25
2017-03,531835.8,67152.0,693402.2,87.7,15884.0,7987.2,749.8,9134.4,33.980000000000004,132510.10500000004,33.183465692083765,19314.231666666674,40.37444124083132,-3.3799999999999955,0,0,7237.4
2017-04,530548.5,68053.0,690742.25,92.825,17024.25,8216.0,736.0,9261.25,31.8,128129.79666666669,31.839920859874553,19774.669166666674,40.95972007593402,2.625,1,0,7480.0
2017-05,517387.25,65742.0,687797.25,93.35,17168.0,8122.25,926.75,9320.25,30.275,112310.93833333335,27.725871668781494,17130.044166666674,35.23833565840724,7.5,1,0,7195.5
2017-06,509195.0,61417.6,683593.2,93.72,17133.2,8000.0,618.4,9317.2,29.560000000000002,101623.065,24.93377396066292,12575.290833333333,25.746716418386644,6.019999999999996,1,0,7381.6
2017-07,487819.0,56684.5,678885.25,94.55,17264.0,7975.75,844.5,9416.5,28.425,77972.31916666665,19.024753112097198,7666.82,15.64092792641349,1.7249999999999943,1,0,7131.25
2017-08,465716.75,56798.25,678882.25,96.1,17581.25,8145.75,855.5,9495.75,26.65,53735.51666666666,13.043195252340375,7582.175833333335,15.405893220285808,2.75,1,0,7290.25
2017-09,467875.0,60047.6,675850.8,83.46000000000001,15185.0,7114.4,1066.0,9350.4,29.9,53721.36666666664,12.971361915694885,10561.96166666667,21.3434887825872,-10.259999999999991,0,1,6048.4
2017-10,457737.0,63839.5,671526.0,87.4,15934.25,7698.5,1781.25,9236.5,28.725,41690.645833333314,10.020673277341638,14021.740833333337,28.146068927795852,-7.1499999999999915,0,0,5917.25
2017-11,456748.75,61789.0,667923.0,91.125,16696.25,7619.25,1250.25,9651.25,28.0,38877.10666666663,9.303600109484966,11685.707500000004,23.323232699727278,-4.974999999999994,0,0,6369.0
2017-12,436785.0,52238.0,663201.6,94.74,17243.2,7671.6,1397.4,9762.4,25.6,17318.823333333305,4.128777073507858,2067.0241666666698,4.1199600612379355,11.279999999999987,1,0,6274.200000000001
2018-01,415527.75,41309.0,664276.25,91.825,16673.5,8019.75,1360.0,9759.75,24.325,-5275.372499999998,-1.2536438581203726,-8696.250833333332,-17.390675355909703,4.424999999999997,0,0,6659.75
2018-02,421581.5,31941.0,665217.25,89.55,16168.5,7520.75,1524.5,10268.75,25.85,-480.51416666671867,-0.1138491857921547,-17751.41333333333,-35.72258246798773,-1.5750000000000028,0,0,5996.25
2018-03,428084.2,30448.2,665457.6,91.0,16562.0,7742.2,1662.2,10410.0,26.3,4820.742500000051,1.1389460664697357,-18925.570000000003,-38.33122323857385,-3.739999999999995,0,0,6080.0
2018-04,430474.25,35519.25,664974.0,91.95,16787.5,8399.5,1858.25,10567.5,25.55,6056.567500000005,1.4270299635783918,-13603.999166666668,-27.693606179246526,0.125,0,0,6541.25
2018-05,434689.0,36509.25,661926.75,91.8,16726.0,7678.5,2092.5,10730.0,26.125,9126.894166666665,2.144667967744551,-12390.560000000005,-25.33866696005568,2.25,0,0,5586.0
2018-06,426013.8,31754.0,660076.8,96.47999999999999,17608.8,8419.6,2290.8,10880.0,24.580000000000002,-601.2691666667233,-0.14093950498307975,-16855.155833333338,-34.674858150437274,5.47999999999999,1,0,6128.8
2018-07,407502.25,24175.0,660014.25,95.225,17414.0,8004.0,1870.25,10950.0,23.25,-20255.44416666671,-4.735261210468048,-24090.447500000002,-49.912408871791776,3.2749999999999915,1,0,6133.75
2018-08,407444.6,23713.6,660012.4,97.14,17736.8,7932.4,1576.8,10940.0,23.1,-21563.507500000007,-5.026363633465833,-24323.20416666667,-50.63451782153493,5.340000000000003,1,0,6355.599999999999
2018-09,397571.0,23300.75,660010.25,93.45,17094.25,7845.5,2139.5,11025.0,22.775,-32556.615833333344,-7.569059654599913,-24570.175000000003,-51.32588309083228,-3.029999999999987,1,0,5706.0
2018-10,418795.75,29339.0,656937.25,89.05,16310.0,7508.5,2255.75,11050.0,25.5,-12509.82833333331,-2.900455955537195,-18460.60833333333,-38.62083597965324,-6.174999999999997,0,0,5252.75
2018-11,442879.8,35976.6,652144.6,92.78,16947.0,7585.2,2413.8,11680.0,26.619999999999997,10166.161666666623,2.34939709915852,-11769.714999999997,-24.650520150089065,-4.359999999999999,1,0,5171.4
2018-12,441560.0,40779.0,649244.5,95.7,17488.5,7466.0,2451.25,11650.0,25.325,7137.878333333298,1.64307432272296,-6973.431666666664,-14.603301702716076,2.25,1,0,5014.75
2019-01,441940.5,41573.5,649139.0,93.425,17075.25,7661.75,2252.5,11850.0,25.450000000000003,5550.386666666658,1.2718864376349968,-6187.51666666667,-12.955161130363996,4.375,1,0,5409.25
2019-02,449606.0,43976.5,649139.0,87.4,16000.5,6698.75,3050.0,11975.0,27.525,11240.853333333333,2.564267122696433,-3932.470833333333,-8.208213962712097,-5.3799999999999955,0,0,3648.75
2019-03,446658.6,46961.2,649126.0,87.4,15977.6,6796.4,2870.0,12100.0,27.98,6606.397499999963,1.5012758628335607,-1245.7741666666698,-2.5842197901897697,-8.299999999999997,0,0,3926.3999999999996
2019-04,460726.0,45132.5,648991.25,88.625,16301.75,6788.5,2510.5,12200.0,28.6,19028.984999999986,4.308153406923066,-3385.4533333333384,-6.977733190998861,-4.799999999999997,0,0,4278.0
2019-05,475034.2,48553.4,645624.8,90.46000000000001,16672.8,7207.4,3041.2,12240.0,28.72,31459.991666666698,7.092385236930957,-394.60666666666657,-0.8061751510207904,3.0600000000000023,0,0,4166.2
2019-06,476475.25,52711.5,644818.0,93.875,17238.75,7329.75,3326.0,12200.0,27.95,30874.270833333314,6.928681101884543,3238.726666666669,6.546482940919968,6.474999999999994,1,0,4003.75
2019-07,449113.5,50567.0,644818.0,93.8,17182.5,6956.25,2862.0,11950.0,26.0,1731.7874999999767,0.3870939405016419,576.1016666666692,1.1524131109332987,5.174999999999997,1,0,4094.25
2019-08,433589.8,43000.0,644818.0,95.42,17514.0,6982.4,2686.2,12360.0,24.919999999999998,-15491.835833333374,-3.4496703042835675,-7382.638333333329,-14.65313960831017,4.959999999999994,1,0,4296.2
2019-09,418843.5,39920.5,644818.0,90.625,16683.0,6611.0,3080.0,12425.0,24.475,-31757.102500000037,-7.047727482787828,-10789.77166666666,-21.277290205800835,-3.25,0,0,3531.0
2019-10,433105.75,43780.0,642992.25,85.425,15738.75,6268.25,3414.75,12600.0,27.225,-19001.591666666674,-4.202893851849086,-7322.041666666664,-14.328276185964517,-8.375,0,0,2853.5
2019-11,449042.2,45285.6,637866.8,88.9,16248.8,5995.6,2929.2,12800.0,28.02,-4746.565833333298,-1.0459857516782616,-6178.551666666666,-12.005544571462382,-6.519999999999996,0,0,3066.4000000000005
2019-12,441501.5,38671.5,634967.25,92.25,16855.5,6656.75,3723.0,12850.0,26.5,-13797.744999999995,-3.030478339580817,-12969.1725,-25.114259501558582,1.625,1,0,2933.75
2020-01,430868.0,35714.8,634967.0,90.06,16524.6,6597.8,3376.2,12960.0,25.660000000000004,-25546.111666666635,-5.597134491170981,-15911.095833333333,-30.819989806472282,4.635000000000005,0,0,3221.6000000000004
2020-02,443201.25,38236.5,634967.0,88.05000000000001,15983.5,6495.0,3586.25,13025.0,27.575000000000003,-13993.278333333321,-3.060683684108101,-13248.525000000001,-25.732773753144727,-0.8499999999999943,0,0,2908.75
2020-03,457518.25,39613.5,634967.0,85.6,15564.25,6278.75,3698.25,13025.0,29.025,-169.6158333333442,-0.03705928122532085,-11610.091666666667,-22.66551658895454,-6.650000000000006,0,0,2580.5
2020-04,508564.75,56831.25,635254.5,70.475,12879.0,5448.25,3115.25,12250.0,36.8,49963.59666666668,10.89478216605154,5683.48333333333,11.11188953835064,-19.585000000000008,0,1,2333.0
2020-05,531391.6,57986.4,642157.0,70.17999999999999,12912.0,5935.8,3256.0,11520.0,41.64,71420.77666666661,15.527240651720456,6878.320000000007,13.458380749188791,-17.87000000000002,0,1,2679.8
2020-06,537898.5,46926.75,652715.75,74.25,13739.25,6503.75,2787.5,10900.0,40.0,76205.52666666661,16.505671749014837,-4010.39666666666,-7.873225983604357,-11.349999999999994,0,1,3716.25
2020-07,530402.8,50002.2,656121.4,78.52000000000001,14418.8,6011.6,2790.6,11040.0,37.28,67022.37000000011,14.463789504446728,-813.1166666666686,-1.600140902398526,8.045000000000016,0,1,3221.0000000000005
2020-08,508175.0,52721.75,650689.25,80.15,14431.25,5541.75,2911.25,10475.0,34.925,43362.1158333334,9.328940162894703,1984.2125000000015,3.9107386715407726,9.970000000000013,0,1,2630.5
2020-09,495827.75,54743.75,645424.0,74.55,13326.75,5180.25,3018.25,10575.0,36.5,29826.240833333402,6.400460137279507,4001.85833333333,7.886695197771328,0.29999999999999716,0,1,2162.0
2020-10,489399.8,59464.2,640325.4,75.0,13479.2,5365.8,2711.0,10600.0,36.22,22605.19750000001,4.842643290846537,8624.051666666659,16.963073376818414,-3.5200000000000102,0,1,2654.8
2020-11,488736.0,60373.25,638346.75,77.2,13890.75,5345.0,2950.0,10875.0,35.825,21392.226666666684,4.577407015415322,9484.534999999996,18.637796218670477,-2.950000000000003,0,1,2395.0
2020-12,499082.5,58353.25,638085.25,79.1,14230.0,5698.25,2796.25,11025.0,35.2,31001.89333333337,6.623195426554104,7511.143333333326,14.773469916536355,4.549999999999997,0,1,2902.0
2021-01,481309.0,53570.0,638085.4,81.84,14629.6,5844.8,3146.4,10960.0,33.260000000000005,12847.280000000028,2.742439659744243,2900.779999999999,5.72493517760881,6.840000000000003,0,1,2698.4
2021-02,469604.5,47297.75,637810.0,72.675,12936.25,5661.5,2786.0,10375.0,33.35,1259.8841666666558,0.2690079322092607,-3073.299166666671,-6.1013205353293385,-4.525000000000006,0,1,2875.5
2021-03,500937.0,47594.0,637773.0,77.65,13768.25,5686.25,2702.0,10975.0,39.725,32528.16750000004,6.944396698582758,-2459.3199999999997,-4.913400349866901,-1.4499999999999886,0,1,2984.25
2021-04,492395.4,46147.6,635653.2,85.17999999999999,15024.2,5917.6,3044.8,10940.0,33.160000000000004,24221.804166666698,5.173680101192528,-3583.1366666666654,-7.20507458130689,3.339999999999989,0,0,2872.8
2021-05,483580.25,45490.5,629617.25,87.025,15243.0,5950.75,2769.75,10950.0,31.975,15797.233333333337,3.377042938818394,-3870.7908333333253,-7.841753665646459,14.350000000000009,0,0,3181.0
2021-06,463026.25,42810.0,624613.0,92.25,16168.25,6683.25,3545.75,11100.0,29.225,-4145.995833333349,-0.8874662119402656,-6175.503333333327,-12.60679775261401,14.599999999999994,1,0,3137.5
2021-07,439513.2,36951.8,621304.0,91.56,16002.0,6426.4,2701.8,11300.0,27.32,-26797.14916666667,-5.7466340205734845,-11577.980000000003,-23.857474729949327,6.38000000000001,0,0,3724.5999999999995
2021-08,433070.0,34084.0,621302.5,91.925,16053.25,6310.75,2986.5,11400.0,27.025,-32243.057499999995,-6.929325747537182,-13936.517500000002,-29.022006062304516,4.8999999999999915,0,0,3324.25
2021-09,418454.5,34886.5,620083.25,84.9,14862.75,6147.0,2698.75,10450.0,27.625,-45912.63583333336,-9.887141507320605,-12671.892500000002,-26.644913408290666,-7.349999999999994,0,1,3448.25
2021-10,427864.0,30809.8,615348.6,86.47999999999999,15173.2,6256.0,2680.0,11360.0,28.080000000000002,-35745.015000000014,-7.710163919051491,-16271.064166666667,-34.5598247922276,-5.0800000000000125,0,0,3576.0
2021-11,433809.5,27227.25,605651.0,88.0,15508.5,6334.75,2997.0,11500.0,28.375,-28894.390000000014,-6.244682749479373,-19314.760000000002,-41.49962582191874,-3.924999999999997,0,0,3337.75
2021-12,424514.6,33767.4,596975.0,89.74,15768.6,6361.4,2855.4,11720.0,27.02,-37199.62333333335,-8.05685020157527,-12230.73333333333,-26.58962972410474,4.839999999999989,0,0,3505.9999999999995
2022-01,414611.0,32647.75,591277.5,87.725,15442.75,6533.75,2434.25,11625.0,26.575,-45881.644166666665,-9.963599798580205,-12802.491666666669,-28.16814872088139,1.2450000000000045,0,0,4099.5
2022-02,412835.5,25034.5,583686.75,87.15,15280.75,6193.5,2963.25,11600.0,26.975,-45931.16083333333,-10.011878533174361,-19764.595833333333,-44.11829182192386,-0.8499999999999943,0,0,3230.25
2022-03,412704.5,23925.75,573163.5,90.725,15692.25,6364.75,3047.5,11625.0,26.675,-44076.6391666666,-9.649399983343944,-20152.908333333333,-45.72033064376014,0.9849999999999994,0,0,3317.25
2022-04,415601.6,26931.0,556859.2,90.44,15667.6,6079.6,3487.6,11860.0,26.4,-39263.75750000001,-8.631951598995975,-16462.291666666664,-37.93741160067945,2.7150000000000034,0,0,2592.0000000000005
2022-05,419892.0,25973.25,534895.75,91.9,15983.25,6385.25,3682.5,11875.0,26.575,-33348.43666666665,-7.357780544014562,-16757.229166666664,-39.21610403971014,4.75,0,0,2702.75
2022-06,417341.5,22340.0,508405.25,94.225,16409.0,6340.75,3227.25,12000.0,25.65,-34368.044999999984,-7.608438958269076,-19739.18583333333,-46.909619191578535,3.5,1,0,3113.5
2022-07,425220.4,22754.2,480344.8,93.26,16255.4,6707.8,3491.0,12040.0,25.919999999999998,-25445.834999999963,-5.646270570947025,-18759.48083333333,-45.188671437369734,2.8200000000000074,1,0,3216.8
2022-08,424245.5,25415.25,457194.25,93.575,16374.25,6107.5,3813.5,12100.0,26.075,-25729.547499999986,-5.7179942850053225,-15575.380833333336,-37.997416767412936,1.6749999999999972,1,0,2294.0
2022-09,429472.0,25212.2,428531.6,91.58,16003.6,6382.8,3937.0,12060.0,26.7,-19862.99749999994,-4.420532033007276,-15197.84083333334,-37.60907071590232,-2.644999999999996,0,0,2445.8
2022-10,438303.5,26734.5,403836.0,89.725,15627.75,6089.0,4016.0,11950.0,27.875,-10707.605833333277,-2.3847084613777443,-13057.124166666668,-32.81375023039292,-3.535000000000011,0,0,2073.0
2022-11,431714.75,25475.75,391993.0,93.525,16322.25,6278.25,4143.25,12100.0,26.975,-16879.12249999994,-3.7626734413319345,-13710.653333333335,-34.98829228267186,-0.04999999999999716,1,0,2135.0
2022-12,419171.8,24765.4,379084.4,90.03999999999999,15731.2,6132.4,3955.6,12100.0,25.9,-29128.519166666665,-6.497545935459711,-13963.126666666663,-36.05385453168973,-1.5400000000000063,0,0,2176.7999999999997
2023-01,447214.5,33227.75,371579.25,85.3,14861.5,6599.75,3552.0,12200.0,30.1,-1613.9316666666418,-0.3595876626339188,-5366.089166666665,-13.904004583460392,-4.424999999999997,0,0,3047.75
2023-02,471438.25,39973.0,371579.0,86.525,15106.5,6456.0,4068.0,12300.0,31.225,21778.872499999998,4.843415614077791,1245.2941666666666,3.215512357034145,-7.0,0,0,2388.0
2023-03,476679.8,36810.6,371498.2,88.53999999999999,15433.8,6225.6,4628.8,12220.0,31.28,26210.49583333335,5.818486540791217,-2023.1458333333358,-5.2097622568172355,-1.5,0,0,1596.8000000000002
2023-04,464266.0,33316.75,367354.5,90.575,15749.25,6314.75,4213.5,12275.0,29.6,13233.5,2.934045772754735,-5480.2874999999985,-14.125530847555046,5.275000000000006,0,0,2101.25
2023-05,461258.25,36390.75,358747.5,91.95,15992.25,6370.0,4162.5,12250.0,29.05,9782.92916666664,2.166880162709515,-2404.3125,-6.197470361080098,5.424999999999997,0,0,2207.5
2023-06,459098.8,42167.0,350200.0,93.17999999999999,16397.4,6512.0,3905.4,12320.0,28.02,7072.0625,1.5645230499224616,3198.387499999997,8.207599128657703,4.640000000000001,1,0,2606.6
2023-07,453034.75,37451.5,346758.75,93.525,16559.75,6522.25,3958.0,12250.0,27.575,249.13750000001164,0.055023281023535535,-1738.387499999997,-4.435806303348019,2.950000000000003,1,0,2564.25
2023-08,435439.0,32068.75,348649.5,94.075,16676.0,6847.5,3936.25,12725.0,26.2,-17813.18583333335,-3.930082719972472,-7260.390000000007,-18.460586730348048,2.125,1,0,2911.25
2023-09,417207.0,23865.8,350892.0,91.1,16278.8,6862.6,4411.4,12880.0,25.259999999999998,-36372.452500000014,-8.018981525623675,-15472.757500000003,-39.33229503903391,-2.0799999999999983,0,0,2451.2000000000007
2023-10,421750.0,21377.0,351274.0,85.7,15259.75,6177.25,4524.5,13200.0,27.225,-31878.69000000006,-7.027485408826337,-17828.857500000006,-45.474984190818944,-7.825000000000003,0,0,1652.75
2023-11,443208.5,25421.25,351352.25,87.025,15540.0,6282.25,4738.75,13200.0,28.85,-10425.668333333335,-2.298254642422016,-13608.685000000005,-34.86730121379911,-7.049999999999997,0,0,1543.5
2023-12,439423.8,32289.4,352817.8,91.97999999999999,16407.0,6789.2,4287.6,13200.0,27.22,-14174.765000000072,-3.1249580782955233,-6599.041666666664,-16.969159431047736,0.8799999999999955,0,0,2501.5999999999995
2024-01,426226.0,31101.75,356124.0,88.475,15823.75,6211.5,4169.75,12950.0,26.125,-27110.656666666677,-5.980248071269656,-7612.1624999999985,-19.6626019134594,2.7749999999999915,0,0,2041.75
2024-02,439252.25,29328.5,359136.25,81.275,14657.5,6604.0,4409.0,13300.0,29.45,-13911.844166666677,-3.06993522782282,-9141.279166666667,-23.762234576556686,-5.75,0,1,2195.0
2024-03,448038.0,32251.6,362302.6,87.36,15708.0,6462.2,4173.6,13120.0,29.24,-5149.084166666667,-1.1361939354769897,-5973.019166666665,-15.626105104208252,-4.61999999999999,0,0,2288.5999999999995
2024-04,457941.5,32960.5,365267.0,88.1,15801.75,6541.0,4132.75,13100.0,28.925,4800.824166666658,1.0594555780802202,-5061.252499999995,-13.311465588020951,-0.375,0,0,2408.25
2024-05,457200.8,35322.6,368661.8,92.06,16582.4,6840.6,4411.8,13100.0,28.22,4357.347500000033,0.9622193886087008,-2478.6391666666677,-6.557031518830063,10.784999999999997,1,0,2428.8
2024-06,456498.0,34018.5,371557.5,93.55,16784.0,7129.0,3979.25,13200.0,27.0,3987.501666666707,0.8811953935551323,-3471.1891666666706,-9.259050271755843,6.189999999999998,1,0,3149.75
2024-07,438714.0,31752.25,374075.75,92.7,16648.5,6905.25,4267.0,13300.0,26.15,-13623.173333333281,-3.011729775145892,-5423.860000000001,-14.589638345701045,4.6000000000000085,1,0,2638.25
2024-08,425904.2,28265.4,377420.6,92.17999999999999,16664.4,6302.6,3773.2,13340.0,25.78,-26304.880000000005,-5.816972980728296,-8665.133333333331,-23.463331155069515,0.11999999999999034,1,0,2529.4000000000005
2024-09,416657.25,23473.75,381250.75,90.85,16320.0,6568.25,3917.25,13250.0,25.025,-35515.392500000016,-7.8543877187351105,-13182.67083333333,-35.962787783540875,-2.700000000000003,0,0,2651.0
2024-10,423706.0,24992.25,384321.25,88.25,15870.5,6043.5,4072.5,13475.0,26.675,-28309.98000000004,-6.263048487799046,-11351.041666666664,-31.23283870590514,-4.450000000000003,0,0,1971.0
2024-11,427904.0,24891.0,389274.4,91.17999999999999,16455.2,6761.2,3913.2,13421.4,26.28,-23759.676666666695,-5.26047984243852,-11112.381666666668,-30.864827558559433,-1.0,0,0,2848.0
2024-12,418836.5,22779.5,393115.25,92.35,16735.75,6507.5,3892.5,13598.25,25.125,-32449.426666666695,-7.190436206674536,-12959.015,-36.2606420552169,1.5,1,0,2615.0
2025-01,415580.2,20684.8,394515.6,87.78,15921.8,6532.0,3937.6,13447.8,25.419999999999998,-35450.92999999999,-7.859974099792179,-14803.215,-41.71327982137068,-0.46999999999999886,0,0,2594.4
2025-02,431072.25,23845.0,395313.0,85.575,15491.75,5965.25,4153.5,13500.25,27.95,-19756.73000000004,-4.382311447680235,-11403.156666666662,-32.35107235394909,-5.60499999999999,0,0,1811.75
2025-03,436402.5,23928.0,396008.5,86.6,15669.75,5879.0,4106.0,13575.5,27.95,-14074.550833333342,-3.1243657822961146,-11058.731666666667,-31.608358768769435,-5.75,0,0,1773.0
2025-04,442179.25,25396.0,397434.5,87.425,15789.5,5819.25,4003.5,13461.25,28.2,-7191.3758333333535,-1.6003217433265333,-9066.810833333337,-26.308970783554543,-0.355000000000004,0,0,1815.75
2025-05,439957.2,23976.8,400480.0,90.7,16457.6,6136.6,3818.0,13391.0,27.119999999999997,-7889.519166666607,-1.7616561267540545,-9919.184166666662,-29.263596884793202,5.125,0,0,2318.6000000000004
2025-06,421853.5,22331.5,402409.75,94.275,17045.0,6135.75,3555.5,13431.75,24.95,-24059.135833333305,-5.395481962149594,-11154.563333333332,-33.31106204481685,7.675000000000011,1,0,2580.25
2025-07,423466.75,21754.75,402737.5,94.875,16925.5,6126.0,3207.0,13336.75,24.975,-20663.618333333347,-4.652601985060538,-11260.5225,-34.10701062667285,7.450000000000003,1,0,2919.0
2025-08,422008.6,23276.2,403702.8,95.76,17052.2,6471.0,3792.2,13371.0,24.759999999999998,-20685.66166666674,-4.672674452293289,-9248.313333333332,-28.434901511208878,5.060000000000002,1,0,2678.8
2025-09,417826.75,23655.75,405902.5,93.15,16471.5,6072.75,4064.25,13495.75,25.025,-23567.495000000054,-5.339329922618282,-8350.630000000001,-26.090516953182462,-1.125,1,0,2008.5
2025-10,420800.8,22273.2,408397.2,87.86,15526.4,5764.2,4197.4,13637.8,26.619999999999997,-19450.128333333356,-4.417964183963471,-9113.330000000002,-29.035799752314134,-7.015000000000001,0,0,1566.8000000000002
2025-11,426542.0,21847.25,411104.25,91.45,16381.0,5897.25,3546.25,13831.25,26.85,-12672.361666666635,-2.885233902320362,-8897.18,-28.939160686992732,-4.310000000000002,0,0,2351.0
2025-12,424454.5,21536.75,412570.75,94.65,16867.75,6038.25,3932.25,13837.0,25.3,-13516.061666666646,-3.0860662450079315,-8594.071666666667,-28.52252673936926,1.5,1,0,2106.0
2026-01,422321.0,24063.0,414367.6,92.94,16541.8,6344.2,4178.6,13641.4,25.22,-14666.428333333344,-3.3562586432454107,-5576.038333333334,-18.81315537509286,5.079999999999998,1,0,2165.5999999999995
2026-02,430931.75,25123.25,415383.75,89.55,15894.75,6578.0,4159.75,13711.5,26.875,-5411.132500000007,-1.2401101787193713,-4146.213333333333,-14.16566230174588,-1.9000000000000057,0,0,2418.25
2026-03,452545.75,29128.5,415347.5,91.8,16344.5,6633.5,3793.75,13665.0,28.05,17009.388333333365,3.905388810303588,166.79499999999825,0.5759156789974839,-2.8500000000000085,0,0,2839.75
2026-04,463436.25,30397.75,406368.75,90.07499999999999,16087.5,5860.75,5152.5,13590.75,28.55,28382.54083333339,6.523916526927069,1698.5424999999996,5.918429977552515,-2.865000000000009,0,0,708.25
2026-05,451690.3333333333,27454.666666666668,383656.6666666667,91.13333333333333,16249.0,5798.0,5282.0,13661.666666666666,28.03333333333333,17168.122777777782,3.95103457561527,-943.9436111111063,-3.3239077612532064,1.5833333333333286,0,0,516.0
