year_month,wti_m1,wti_m2,wti_m3,wti_m4,fc_slope_4m,fc_slope_pct,d_contango,d_strong_contango,d_strong_backwardation
1983-03,,,29.3,,,,0,0,0
1983-04,30.5,,30.35,,,,0,0,0
1983-05,30.16,,29.93,,,,0,0,0
1983-06,30.96,,30.77,,,,0,0,0
1983-07,31.59,,31.48,,,,0,0,0
1983-08,31.88,,31.84,,,,0,0,0
1983-09,31.24,,31.13,,,,0,0,0
1983-10,30.4,,30.19,,,,0,0,0
1983-11,29.86,,29.5,,,,0,0,0
1983-12,29.24,,28.73,,,,0,0,0
1984-01,29.65,,29.24,,,,0,0,0
1984-02,30.05,,29.68,,,,0,0,0
1984-03,30.72,,30.47,,,,0,0,0
1984-04,30.65,,30.48,,,,0,0,0
1984-05,30.55,,30.65,,,,0,0,0
1984-06,29.98,,30.17,,,,0,0,0
1984-07,28.74,,29.09,,,,0,0,0
1984-08,29.33,,29.68,,,,0,0,0
1984-09,29.38,,29.68,,,,0,0,0
1984-10,28.8,,28.78,,,,0,0,0
1984-11,28.11,,27.81,,,,0,0,0
1984-12,26.91,,26.76,,,,0,0,0
1985-01,25.64,25.55,25.43,25.36,-0.28000000000000114,-1.0920436817472743,0,0,0
1985-02,27.14,26.62,26.22,26.01,-1.129999999999999,-4.1635961680176825,0,0,0
1985-03,28.12,27.54,27.2,26.97,-1.1500000000000021,-4.089615931721202,0,0,0
1985-04,28.71,28.06,27.71,27.52,-1.1900000000000013,-4.144897248345528,0,0,0
1985-05,27.58,26.98,26.67,26.55,-1.0299999999999976,-3.734590282813625,0,0,0
1985-06,27.09,26.35,25.92,25.66,-1.4299999999999997,-5.278700627537836,0,0,0
1985-07,27.27,26.58,26.06,25.72,-1.5500000000000007,-5.683901723505687,0,0,1
1985-08,27.74,27.27,26.95,26.69,-1.0499999999999972,-3.7851478010093627,0,0,0
1985-09,28.22,27.63,27.11,26.77,-1.4499999999999993,-5.138199858256554,0,0,0
1985-10,29.48,28.7,28.04,27.5,-1.9800000000000004,-6.716417910447762,0,0,1
1985-11,30.73,29.75,28.95,28.25,-2.4800000000000004,-8.070289619264564,0,0,1
1985-12,27.15,26.31,25.61,25.09,-2.0599999999999987,-7.587476979742169,0,0,1
1986-01,22.98,22.37,21.94,21.66,-1.3200000000000003,-5.744125326370758,0,0,0
1986-02,15.46,15.71,15.83,15.94,0.47999999999999865,3.104786545924959,1,0,0
1986-03,12.62,12.95,13.12,13.28,0.6600000000000001,5.229793977812997,1,0,0
1986-04,12.75,12.62,12.57,12.62,-0.13000000000000078,-1.019607843137261,0,0,0
1986-05,15.26,14.76,14.44,14.29,-0.9700000000000006,-6.356487549148104,0,0,0
1986-06,13.38,13.04,13.01,13.04,-0.34000000000000163,-2.5411061285500867,0,0,0
1986-07,11.58,11.3,11.35,11.49,-0.08999999999999986,-0.7772020725388589,0,0,0
1986-08,15.11,14.99,14.96,14.94,-0.16999999999999993,-1.1250827266710783,0,0,0
1986-09,14.94,15.05,15.02,14.91,-0.02999999999999936,-0.20080321285140135,0,0,0
1986-10,14.89,15.11,15.18,15.18,0.28999999999999915,1.9476158495634597,1,0,0
1986-11,15.23,15.38,15.41,15.38,0.15000000000000036,0.9848982271831934,1,0,0
1986-12,16.09,16.25,16.28,16.26,0.1700000000000017,1.0565568676196502,1,0,0
1987-01,18.67,18.55,18.35,18.12,-0.5500000000000007,-2.9459025174076094,0,0,0
1987-02,17.73,17.64,17.55,17.45,-0.28000000000000114,-1.579244218838134,0,0,0
1987-03,18.28,18.05,17.86,17.7,-0.5800000000000018,-3.172866520787756,0,0,0
1987-04,18.6,18.24,17.99,17.86,-0.740000000000002,-3.9784946236559247,0,0,0
1987-05,19.33,18.98,18.8,18.69,-0.639999999999997,-3.310915675116384,0,0,0
1987-06,19.99,19.64,19.49,19.41,-0.5799999999999983,-2.901450725362673,0,0,0
1987-07,21.33,20.92,20.71,20.6,-0.7299999999999969,-3.422409751523661,0,0,0
1987-08,20.23,20.0,19.89,19.83,-0.40000000000000213,-1.9772614928324377,0,0,0
1987-09,19.52,19.32,19.22,19.17,-0.34999999999999787,-1.7930327868852352,0,0,0
1987-10,19.86,19.77,19.68,19.6,-0.259999999999998,-1.3091641490432933,0,0,0
1987-11,18.85,18.74,18.67,18.62,-0.23000000000000043,-1.220159151193636,0,0,0
1987-12,17.26,17.05,16.93,16.88,-0.38000000000000256,-2.2016222479722045,0,0,0
1988-01,17.15,17.03,16.91,16.81,-0.33999999999999986,-1.9825072886297368,0,0,0
1988-02,16.76,16.69,16.62,16.53,-0.23000000000000043,-1.372315035799525,0,0,0
1988-03,16.21,16.12,16.06,16.02,-0.19000000000000128,-1.1721159777914947,0,0,0
1988-04,17.88,17.82,17.73,17.65,-0.23000000000000043,-1.2863534675615236,0,0,0
1988-05,17.45,17.61,17.68,17.7,0.25,1.4326647564469914,1,0,0
1988-06,16.56,16.72,16.81,16.88,0.3200000000000003,1.932367149758456,1,0,0
1988-07,15.51,15.68,15.79,15.9,0.39000000000000057,2.5145067698259225,1,0,0
1988-08,15.53,15.65,15.75,15.85,0.3200000000000003,2.060528010302642,1,0,0
1988-09,14.46,14.26,14.21,14.21,-0.25,-1.7289073305670815,0,0,0
1988-10,13.8,13.58,13.51,13.52,-0.28000000000000114,-2.028985507246385,0,0,0
1988-11,13.98,13.83,13.78,13.8,-0.17999999999999972,-1.2875536480686673,0,0,0
1988-12,16.28,15.81,15.58,15.46,-0.8200000000000003,-5.036855036855038,0,0,0
1989-01,17.98,17.39,17.02,16.79,-1.1900000000000013,-6.61846496106786,0,0,0
1989-02,17.82,17.27,16.94,16.69,-1.129999999999999,-6.341189674523003,0,0,0
1989-03,19.44,18.9,18.49,18.15,-1.2900000000000027,-6.6358024691358155,0,0,0
1989-04,20.94,19.75,19.04,18.52,-2.4200000000000017,-11.55682903533907,0,0,1
1989-05,20.03,18.84,18.28,17.94,-2.09,-10.434348477284072,0,0,1
1989-06,19.99,19.02,18.46,18.11,-1.879999999999999,-9.404702351175583,0,0,1
1989-07,19.66,19.13,18.77,18.53,-1.129999999999999,-5.747711088504573,0,0,0
1989-08,18.55,18.27,18.14,18.05,-0.5,-2.6954177897574123,0,0,0
1989-09,19.59,19.37,19.19,19.02,-0.5700000000000003,-2.9096477794793274,0,0,0
1989-10,20.1,19.91,19.69,19.52,-0.5800000000000018,-2.8855721393034917,0,0,0
1989-11,19.83,19.64,19.48,19.33,-0.5,-2.5214321734745337,0,0,0
1989-12,21.09,20.72,20.42,20.16,-0.9299999999999997,-4.409672830725461,0,0,0
1990-01,22.64,21.78,21.27,20.86,-1.7800000000000011,-7.862190812720852,0,0,1
1990-02,22.11,21.84,21.65,21.4,-0.7100000000000009,-3.211216644052469,0,0,0
1990-03,20.41,20.63,20.74,20.72,0.3099999999999987,1.5188633023027864,1,0,0
1990-04,18.58,19.2,19.59,19.85,1.2700000000000031,6.835306781485485,1,0,0
1990-05,18.46,19.07,19.45,19.75,1.2899999999999991,6.98808234019501,1,0,0
1990-06,16.86,17.6,18.11,18.52,1.6600000000000001,9.84578884934757,1,1,0
1990-07,18.64,19.39,19.82,20.1,1.4600000000000009,7.832618025751077,1,0,0
1990-08,27.18,26.71,26.31,25.92,-1.259999999999998,-4.635761589403966,0,0,0
1990-09,33.69,32.6,31.56,30.56,-3.129999999999999,-9.29059067972692,0,0,1
1990-10,35.92,35.0,33.58,32.32,-3.6000000000000014,-10.022271714922052,0,0,1
1990-11,32.3,31.54,30.35,29.19,-3.109999999999996,-9.628482972136212,0,0,1
1990-12,27.16,26.47,25.59,24.75,-2.41,-8.873343151693668,0,0,1
1991-01,24.7,23.75,22.77,22.09,-2.6099999999999994,-10.566801619433196,0,0,1
1991-02,20.54,19.47,18.81,18.41,-2.129999999999999,-10.37000973709834,0,0,1
1991-03,19.88,19.49,19.17,18.95,-0.9299999999999997,-4.678068410462775,0,0,0
1991-04,20.82,20.56,20.3,20.13,-0.6900000000000013,-3.314121037463983,0,0,0
1991-05,21.25,21.2,21.19,21.18,-0.07000000000000028,-0.32941176470588374,0,0,0
1991-06,20.2,20.24,20.34,20.45,0.25,1.2376237623762376,1,0,0
1991-07,21.43,21.34,21.22,21.12,-0.3099999999999987,-1.4465702286514173,0,0,0
1991-08,21.68,21.62,21.53,21.42,-0.259999999999998,-1.199261992619917,0,0,0
1991-09,21.86,21.77,21.66,21.51,-0.34999999999999787,-1.601097895699899,0,0,0
1991-10,23.23,23.06,22.83,22.57,-0.6600000000000001,-2.8411536805854505,0,0,0
1991-11,22.43,22.28,22.05,21.83,-0.6000000000000014,-2.674988854213114,0,0,0
1991-12,19.53,19.52,19.5,19.49,-0.0400000000000027,-0.20481310803892833,0,0,0
1992-01,18.82,18.92,18.99,19.01,0.19000000000000128,1.0095642933050013,1,0,0
1992-02,19.01,19.16,19.26,19.3,0.28999999999999915,1.525512887953704,1,0,0
1992-03,18.95,19.1,19.19,19.23,0.28000000000000114,1.4775725593667606,1,0,0
1992-04,20.26,20.32,20.31,20.27,0.00999999999999801,0.04935834155971377,1,0,0
1992-05,21.0,21.08,21.1,21.05,0.05000000000000071,0.2380952380952415,1,0,0
1992-06,22.36,22.34,22.24,22.15,-0.21000000000000085,-0.9391771019678036,0,0,0
1992-07,21.74,21.64,21.57,21.51,-0.22999999999999687,-1.057957681692718,0,0,0
1992-08,21.29,21.19,21.12,21.05,-0.23999999999999844,-1.1272898074213171,0,0,0
1992-09,21.92,21.77,21.67,21.55,-0.370000000000001,-1.6879562043795666,0,0,0
1992-10,21.71,21.66,21.58,21.47,-0.240000000000002,-1.1054813450023122,0,0,0
1992-11,20.36,20.4,20.41,20.39,0.030000000000001137,0.147347740667982,1,0,0
1992-12,19.41,19.52,19.57,19.64,0.23000000000000043,1.1849562081401361,1,0,0
1993-01,19.07,19.19,19.32,19.42,0.3500000000000014,1.8353434714210877,1,0,0
1993-02,20.08,20.11,20.14,20.18,0.10000000000000142,0.49800796812749715,1,0,0
1993-03,20.35,20.46,20.51,20.54,0.18999999999999773,0.9336609336609224,1,0,0
1993-04,20.33,20.53,20.64,20.7,0.370000000000001,1.8199704869650815,1,0,0
1993-05,19.98,20.21,20.34,20.41,0.4299999999999997,2.152152152152151,1,0,0
1993-06,19.13,19.41,19.61,19.73,0.6000000000000014,3.1364349189754384,1,0,0
1993-07,17.9,18.17,18.39,18.57,0.6700000000000017,3.7430167597765465,1,0,0
1993-08,18.01,18.34,18.57,18.73,0.7199999999999989,3.9977790116601826,1,0,0
1993-09,17.52,17.79,18.04,18.23,0.7100000000000009,4.052511415525119,1,0,0
1993-10,18.17,18.34,18.48,18.59,0.41999999999999815,2.311502476609786,1,0,0
1993-11,16.74,17.02,17.24,17.41,0.6700000000000017,4.002389486260465,1,0,0
1993-12,14.53,14.86,15.18,15.45,0.9199999999999999,6.331727460426703,1,0,0
1994-01,15.02,15.15,15.31,15.48,0.46000000000000085,3.0625832223701788,1,0,0
1994-02,14.78,14.88,15.04,15.23,0.45000000000000107,3.0446549391069087,1,0,0
1994-03,14.65,14.72,14.82,14.96,0.3100000000000005,2.116040955631403,1,0,0
1994-04,16.33,16.19,16.16,16.18,-0.14999999999999858,-0.9185548071034819,0,0,0
1994-05,17.83,17.45,17.27,17.17,-0.6599999999999966,-3.7016264722377823,0,0,0
1994-06,19.07,18.49,18.2,18.03,-1.0399999999999991,-5.453592029365491,0,0,0
1994-07,19.66,19.2,18.91,18.72,-0.9400000000000013,-4.781281790437443,0,0,0
1994-08,18.38,18.29,18.22,18.15,-0.23000000000000043,-1.2513601741022875,0,0,0
1994-09,17.47,17.59,17.71,17.77,0.3000000000000007,1.7172295363480294,1,0,0
1994-10,17.71,17.77,17.79,17.78,0.07000000000000028,0.39525691699604903,1,0,0
1994-11,18.1,18.01,17.93,17.88,-0.22000000000000242,-1.2154696132596816,0,0,0
1994-12,17.16,17.17,17.23,17.29,0.129999999999999,0.7575757575757518,1,0,0
1995-01,17.99,17.88,17.81,17.76,-0.22999999999999687,-1.2784880489160473,0,0,0
1995-02,18.53,18.35,18.19,18.07,-0.46000000000000085,-2.4824608742579644,0,0,0
1995-03,18.55,18.44,18.32,18.2,-0.3500000000000014,-1.8867924528301963,0,0,0
1995-04,19.89,19.65,19.38,19.12,-0.7699999999999996,-3.8712921065862225,0,0,0
1995-05,19.74,19.57,19.34,19.12,-0.6199999999999974,-3.140830800405256,0,0,0
1995-06,18.4,18.25,18.1,18.0,-0.3999999999999986,-2.173913043478253,0,0,0
1995-07,17.26,17.06,16.99,16.99,-0.2700000000000031,-1.5643105446118373,0,0,0
1995-08,17.81,17.51,17.35,17.28,-0.5299999999999976,-2.97585626052778,0,0,0
1995-09,18.21,17.85,17.66,17.54,-0.6700000000000017,-3.6792970895112664,0,0,0
1995-10,17.4,17.16,17.04,16.99,-0.41000000000000014,-2.3563218390804606,0,0,0
1995-11,18.0,17.72,17.54,17.41,-0.5899999999999999,-3.277777777777777,0,0,0
1995-12,19.04,18.66,18.36,18.15,-0.8900000000000006,-4.6743697478991635,0,0,0
1996-01,18.7,18.31,18.0,17.78,-0.9199999999999982,-4.919786096256675,0,0,0
1996-02,18.78,18.14,17.8,17.57,-1.2100000000000009,-6.443024494142708,0,0,0
1996-03,21.18,19.75,18.92,18.44,-2.7399999999999984,-12.93673276676109,0,0,1
1996-04,23.3,21.22,19.99,19.26,-4.039999999999999,-17.339055793991413,0,0,1
1996-05,21.09,20.06,19.39,18.93,-2.16,-10.24182076813656,0,0,1
1996-06,20.43,19.61,19.08,18.73,-1.6999999999999993,-8.321096426823296,0,0,1
1996-07,21.25,20.62,20.05,19.61,-1.6400000000000006,-7.717647058823532,0,0,1
1996-08,21.91,21.35,20.84,20.38,-1.5300000000000011,-6.983112733911461,0,0,1
1996-09,23.93,23.35,22.75,22.16,-1.7699999999999996,-7.396573338905138,0,0,1
1996-10,24.9,24.47,23.95,23.38,-1.5199999999999996,-6.10441767068273,0,0,1
1996-11,23.55,23.28,22.95,22.58,-0.9700000000000024,-4.118895966029735,0,0,0
1996-12,25.12,24.49,23.9,23.32,-1.8000000000000007,-7.1656050955414035,0,0,1
1997-01,25.18,24.58,24.01,23.46,-1.7199999999999989,-6.830818109610798,0,0,1
1997-02,22.17,21.87,21.57,21.3,-0.870000000000001,-3.924221921515566,0,0,0
1997-03,20.97,20.88,20.78,20.67,-0.29999999999999716,-1.4306151645207303,0,0,0
1997-04,19.73,19.73,19.73,19.74,0.00999999999999801,0.050684237202220025,1,0,0
1997-05,20.87,20.93,20.87,20.79,-0.08000000000000185,-0.3833253473886049,0,0,0
1997-06,19.22,19.41,19.53,19.62,0.40000000000000213,2.0811654526534973,1,0,0
1997-07,19.66,19.76,19.8,19.83,0.16999999999999815,0.8646998982705908,1,0,0
1997-08,19.95,20.09,20.17,20.2,0.25,1.2531328320802007,1,0,0
1997-09,19.78,19.88,19.93,19.95,0.16999999999999815,0.8594539939332565,1,0,0
1997-10,21.28,21.33,21.26,21.15,-0.13000000000000256,-0.6109022556391097,0,0,0
1997-11,20.22,20.42,20.46,20.43,0.21000000000000085,1.0385756676557907,1,0,0
1997-12,18.32,18.53,18.7,18.85,0.5300000000000011,2.8930131004366872,1,0,0
1998-01,16.73,16.92,17.13,17.34,0.6099999999999994,3.646144650328748,1,0,0
1998-02,16.08,16.32,16.6,16.86,0.7800000000000011,4.850746268656724,1,0,0
1998-03,15.04,15.37,15.7,16.03,0.990000000000002,6.582446808510651,1,0,0
1998-04,15.46,15.88,16.21,16.46,1.0,6.468305304010349,1,0,0
1998-05,14.93,15.68,16.13,16.46,1.5300000000000011,10.247823174815816,1,1,0
1998-06,13.67,14.48,15.1,15.58,1.9100000000000001,13.97220190197513,1,1,0
1998-07,14.09,14.4,14.72,15.02,0.9299999999999997,6.600425833924767,1,0,0
1998-08,13.38,13.68,14.0,14.29,0.9099999999999984,6.801195814648716,1,0,0
1998-09,14.97,15.13,15.3,15.47,0.5,3.34001336005344,1,0,0
1998-10,14.42,14.57,14.75,14.92,0.5,3.467406380027739,1,0,0
1998-11,13.04,13.38,13.66,13.91,0.870000000000001,6.671779141104303,1,0,0
1998-12,11.31,11.64,11.95,12.23,0.9199999999999999,8.134394341290891,1,0,0
1999-01,12.49,12.54,12.64,12.76,0.2699999999999996,2.161729383506802,1,0,0
1999-02,12.02,12.14,12.27,12.4,0.3800000000000008,3.161397670549092,1,0,0
1999-03,14.68,14.74,14.72,14.7,0.019999999999999574,0.13623978201634587,1,0,0
1999-04,17.3,17.17,17.03,16.85,-0.4499999999999993,-2.6011560693641576,0,0,0
1999-05,17.77,17.67,17.54,17.4,-0.370000000000001,-2.082160945413624,0,0,0
1999-06,17.92,18.02,18.01,17.92,0.0,0.0,0,0,0
1999-07,20.1,20.2,20.13,19.95,-0.15000000000000213,-0.7462686567164285,0,0,0
1999-08,21.28,21.38,21.31,21.04,-0.240000000000002,-1.1278195488721898,0,0,0
1999-09,23.79,23.55,23.14,22.64,-1.1499999999999986,-4.8339638503572875,0,0,0
1999-10,22.67,22.64,22.45,22.12,-0.5500000000000007,-2.4261138067931216,0,0,0
1999-11,24.77,24.39,23.86,23.27,-1.5,-6.0557125555106985,0,0,0
1999-12,26.09,25.45,24.63,23.85,-2.2399999999999984,-8.585665005749323,0,0,1
2000-01,27.01,26.12,25.36,24.67,-2.34,-8.66345797852647,0,0,1
2000-02,29.3,28.19,27.22,26.44,-2.8599999999999994,-9.761092150170645,0,0,1
2000-03,29.89,28.57,27.56,26.81,-3.080000000000002,-10.30444964871195,0,0,1
2000-04,25.54,24.87,24.6,24.38,-1.1600000000000001,-4.5418950665622555,0,0,0
2000-05,28.81,28.46,27.89,27.34,-1.4699999999999989,-5.102395001735505,0,0,0
2000-06,31.53,30.18,29.31,28.68,-2.8500000000000014,-9.03901046622265,0,0,1
2000-07,29.72,29.01,28.56,28.17,-1.5499999999999972,-5.215343203230139,0,0,1
2000-08,31.14,30.59,30.07,29.57,-1.5700000000000003,-5.041746949261401,0,0,1
2000-09,33.87,33.08,32.54,32.02,-1.8499999999999943,-5.462060820785339,0,0,1
2000-10,32.93,32.36,31.89,31.49,-1.4400000000000013,-4.372912238080781,0,0,0
2000-11,34.26,33.29,32.33,31.45,-2.8099999999999987,-8.201984821949793,0,0,1
2000-12,28.4,27.75,27.29,26.92,-1.4799999999999969,-5.211267605633792,0,0,0
2001-01,29.26,28.12,27.46,26.97,-2.2900000000000027,-7.826384142173624,0,0,1
2001-02,29.64,29.36,28.91,28.44,-1.1999999999999993,-4.048582995951414,0,0,0
2001-03,27.27,27.43,27.4,27.25,-0.019999999999999574,-0.07334066740007178,0,0,0
2001-04,27.62,27.97,28.08,27.96,0.33999999999999986,1.2309920347574217,1,0,0
2001-05,28.68,29.09,29.13,28.86,0.17999999999999972,0.6276150627615054,1,0,0
2001-06,27.59,27.73,27.7,27.58,-0.010000000000001563,-0.036245016310263,0,0,0
2001-07,26.47,26.17,26.03,25.95,-0.5199999999999996,-1.9644880997355483,0,0,0
2001-08,27.31,26.84,26.77,26.57,-0.7399999999999984,-2.709630172098127,0,0,0
2001-09,25.69,25.96,26.06,25.89,0.1999999999999993,0.7785130400934187,1,0,0
2001-10,22.21,22.51,22.64,22.72,0.509999999999998,2.296262944619532,1,0,0
2001-11,19.67,19.93,20.08,20.19,0.5199999999999996,2.643619725470257,1,0,0
2001-12,19.4,19.71,19.9,20.06,0.6600000000000001,3.4020618556701043,1,0,0
2002-01,19.73,20.14,20.37,20.49,0.759999999999998,3.852002027369478,1,0,0
2002-02,20.76,21.02,21.15,21.17,0.41000000000000014,1.9749518304431606,1,0,0
2002-03,24.44,24.68,24.73,24.64,0.1999999999999993,0.8183306055646452,1,0,0
2002-04,26.26,26.29,26.08,25.78,-0.4800000000000004,-1.8278750952018294,0,0,0
2002-05,26.95,26.5,26.3,26.08,-0.870000000000001,-3.228200371057518,0,0,0
2002-06,25.55,25.65,25.56,25.46,-0.08999999999999986,-0.35225048923679003,0,0,0
2002-07,26.94,26.79,26.51,26.29,-0.6500000000000021,-2.4127691165553156,0,0,0
2002-08,28.2,27.65,27.32,27.03,-1.1699999999999982,-4.148936170212759,0,0,0
2002-09,29.67,29.68,29.41,28.93,-0.740000000000002,-2.4941017863161505,0,0,0
2002-10,28.86,28.74,28.35,27.91,-0.9499999999999993,-3.2917532917532895,0,0,0
2002-11,26.19,25.67,25.39,25.15,-1.0400000000000027,-3.97098129056893,0,0,0
2002-12,29.39,29.07,28.4,27.78,-1.6099999999999994,-5.478053759782236,0,0,1
2003-01,32.7,31.87,30.87,29.89,-2.8100000000000023,-8.593272171253828,0,0,1
2003-02,35.73,34.43,33.16,31.97,-3.759999999999998,-10.523369717324373,0,0,1
2003-03,33.16,31.69,30.48,29.66,-3.4999999999999964,-10.554885404101318,0,0,1
2003-04,28.14,26.98,26.52,26.21,-1.9299999999999997,-6.8585643212508876,0,0,1
2003-05,28.07,27.54,27.03,26.62,-1.4499999999999993,-5.165657285358031,0,0,0
2003-06,30.52,29.49,28.85,28.3,-2.219999999999999,-7.273918741808647,0,0,1
2003-07,30.7,30.26,29.75,29.29,-1.4100000000000001,-4.5928338762214995,0,0,0
2003-08,31.6,31.42,30.96,30.39,-1.2100000000000009,-3.829113924050635,0,0,0
2003-09,28.31,28.29,28.0,27.71,-0.5999999999999979,-2.11939244083362,0,0,0
2003-10,30.35,30.25,29.88,29.46,-0.8900000000000006,-2.932454695222407,0,0,0
2003-11,31.06,30.67,30.27,29.82,-1.2399999999999984,-3.99227301996136,0,0,0
2003-12,32.14,31.99,31.51,30.99,-1.1500000000000021,-3.5780958307405166,0,0,0
2004-01,34.22,33.58,33.04,32.48,-1.740000000000002,-5.08474576271187,0,0,1
2004-02,34.5,33.54,32.91,32.37,-2.1300000000000026,-6.173913043478269,0,0,1
2004-03,36.72,36.03,35.27,34.64,-2.0799999999999983,-5.664488017429189,0,0,1
2004-04,36.62,36.12,35.7,35.22,-1.3999999999999986,-3.8230475150191117,0,0,0
2004-05,40.28,40.09,39.57,38.95,-1.3299999999999983,-3.301886792452826,0,0,0
2004-06,38.05,38.18,38.05,37.78,-0.269999999999996,-0.7095926412614876,0,0,0
2004-07,40.81,40.63,40.0,39.6,-1.2100000000000009,-2.9649595687331556,0,0,0
2004-08,44.88,44.39,43.96,43.44,-1.4400000000000048,-3.208556149732631,0,0,0
2004-09,45.94,45.68,45.18,44.65,-1.2899999999999991,-2.808010448410969,0,0,0
2004-10,53.09,52.63,52.1,51.47,-1.6200000000000045,-3.051422113392361,0,0,1
2004-11,48.48,48.58,48.5,48.22,-0.259999999999998,-0.5363036303630322,0,0,0
2004-12,43.26,43.56,43.62,43.45,0.19000000000000483,0.4392048081368582,1,0,0
2005-01,46.85,47.05,46.92,46.63,-0.21999999999999886,-0.46958377801493884,0,0,0
2005-02,48.05,48.59,48.81,48.74,0.6900000000000048,1.4360041623309154,1,0,0
2005-03,54.63,55.31,55.61,55.67,1.0399999999999991,1.9037159070107983,1,0,0
2005-04,53.22,54.6,55.37,55.71,2.490000000000002,4.678692220969564,1,1,0
2005-05,49.87,51.27,51.91,52.29,2.4200000000000017,4.852616803689597,1,1,0
2005-06,56.42,57.32,57.94,58.32,1.8999999999999986,3.367600141793688,1,1,0
2005-07,59.03,60.0,60.65,61.07,2.039999999999999,3.4558698966627124,1,1,0
2005-08,64.99,65.73,66.26,66.62,1.6300000000000097,2.5080781658716877,1,1,0
2005-09,65.55,65.91,66.35,66.71,1.1599999999999966,1.7696414950419477,1,0,0
2005-10,62.27,62.08,62.33,62.54,0.269999999999996,0.4335956319254794,1,0,0
2005-11,58.34,59.14,59.61,59.9,1.5599999999999952,2.673980116558099,1,1,0
2005-12,59.45,60.24,60.8,61.17,1.7199999999999989,2.8931875525651787,1,1,0
2006-01,65.54,66.19,66.68,67.04,1.5,2.2886786695147996,1,0,0
2006-02,61.93,63.15,64.04,64.72,2.789999999999999,4.505086387857257,1,1,0
2006-03,62.97,64.46,65.3,65.87,2.9000000000000057,4.6053676353819375,1,1,0
2006-04,70.16,71.61,72.43,72.88,2.719999999999999,3.8768529076396794,1,1,0
2006-05,70.96,72.08,72.88,73.47,2.510000000000005,3.537204058624585,1,1,0
2006-06,70.97,71.69,72.37,72.9,1.9300000000000068,2.7194589263069,1,1,0
2006-07,74.46,75.71,76.44,76.95,2.490000000000009,3.344077356970198,1,1,0
2006-08,73.08,74.28,75.11,75.74,2.6599999999999966,3.6398467432950143,1,1,0
2006-09,63.9,64.84,65.75,66.54,2.6400000000000077,4.131455399061045,1,1,0
2006-10,59.14,60.83,62.07,63.0,3.8599999999999994,6.526885356780519,1,1,0
2006-11,59.4,61.18,62.42,63.37,3.969999999999999,6.683501683501682,1,1,0
2006-12,62.09,63.16,64.06,64.75,2.6599999999999966,4.284103720405857,1,1,0
2007-01,54.35,55.34,56.16,56.85,2.5,4.599816007359705,1,1,0
2007-02,59.39,60.2,60.96,61.58,2.1899999999999977,3.6874894763428143,1,1,0
2007-03,60.74,62.49,63.54,64.31,3.5700000000000003,5.877510701350016,1,1,0
2007-04,64.04,65.84,67.07,67.84,3.799999999999997,5.933791380387253,1,1,0
2007-05,63.53,64.92,66.02,66.84,3.3100000000000023,5.2101369431764555,1,1,0
2007-06,67.53,68.18,68.85,69.37,1.8400000000000034,2.724714941507483,1,1,0
2007-07,74.15,74.2,74.0,73.83,-0.3200000000000074,-0.4315576534052695,0,0,0
2007-08,72.36,72.06,71.66,71.25,-1.1099999999999994,-1.533996683250414,0,0,0
2007-09,79.63,78.47,77.45,76.71,-2.9200000000000017,-3.666959688559591,0,0,1
2007-10,85.66,84.66,83.77,82.99,-2.6700000000000017,-3.1169740835862734,0,0,1
2007-11,94.63,93.67,92.77,91.95,-2.6799999999999926,-2.8320828489907983,0,0,1
2007-12,91.74,91.59,91.29,90.92,-0.8199999999999932,-0.8938303902332606,0,0,0
2008-01,92.93,92.59,92.19,91.82,-1.1100000000000136,-1.1944474335521507,0,0,0
2008-02,95.35,95.19,94.93,94.66,-0.6899999999999977,-0.7236497115888807,0,0,0
2008-03,105.42,104.47,103.58,102.82,-2.6000000000000085,-2.4663251754885303,0,0,1
2008-04,112.46,111.8,111.09,110.41,-2.049999999999997,-1.8228703539036077,0,0,1
2008-05,125.46,125.31,125.08,124.84,-0.6199999999999903,-0.49418141240235164,0,0,0
2008-06,134.02,134.52,134.78,134.89,0.8699999999999761,0.6491568422623311,1,0,0
2008-07,133.48,134.09,134.52,134.88,1.4000000000000057,1.04884626910399,1,0,0
2008-08,116.69,116.92,117.31,117.66,0.9699999999999989,0.8312623189647774,1,0,0
2008-09,103.76,103.03,103.21,103.48,-0.28000000000000114,-0.2698535080956063,0,0,0
2008-10,76.72,76.83,77.14,77.52,0.7999999999999972,1.042752867570382,1,0,0
2008-11,57.44,58.22,59.16,60.12,2.6799999999999997,4.665738161559888,1,1,0
2008-12,42.04,45.16,47.2,48.78,6.740000000000002,16.03235014272122,1,1,0
2009-01,41.92,46.39,49.11,50.9,8.979999999999997,21.42175572519083,1,1,0
2009-02,39.26,43.13,45.47,46.92,7.660000000000004,19.510952623535417,1,1,0
2009-03,48.06,49.5,50.75,51.78,3.719999999999999,7.740324594257175,1,1,0
2009-04,49.95,52.01,53.82,55.15,5.199999999999996,10.410410410410401,1,1,0
2009-05,59.21,60.14,61.0,61.79,2.5799999999999983,4.357372065529468,1,1,0
2009-06,69.7,70.47,71.29,71.98,2.280000000000001,3.2711621233859414,1,1,0
2009-07,64.29,65.57,66.82,67.85,3.559999999999988,5.537408617203279,1,1,0
2009-08,71.14,72.57,73.67,74.47,3.3299999999999983,4.680910879955015,1,1,0
2009-09,69.47,69.91,70.4,70.9,1.4300000000000068,2.058442493162526,1,0,0
2009-10,75.82,76.29,76.83,77.35,1.5300000000000011,2.0179372197309435,1,1,0
2009-11,78.15,78.93,79.71,80.43,2.280000000000001,2.9174664107485615,1,1,0
2009-12,74.6,76.0,77.08,77.91,3.3100000000000023,4.436997319034855,1,1,0
2010-01,78.4,78.85,79.41,79.99,1.5899999999999892,2.028061224489782,1,1,0
2010-02,76.45,76.84,77.32,77.8,1.3499999999999943,1.7658600392413268,1,0,0
2010-03,81.29,81.66,82.06,82.44,1.1499999999999915,1.4146881535244082,1,0,0
2010-04,84.58,85.92,87.05,87.77,3.1899999999999977,3.7715772050130028,1,1,0
2010-05,74.12,76.89,78.41,79.35,5.22999999999999,7.056125202374513,1,1,0
2010-06,75.41,76.43,77.28,78.0,2.5900000000000034,3.434557750961416,1,1,0
2010-07,76.38,76.82,77.29,77.83,1.4500000000000028,1.8984027232259792,1,0,0
2010-08,76.67,77.26,78.02,78.72,2.049999999999997,2.6737967914438463,1,1,0
2010-09,75.55,76.82,78.08,79.06,3.510000000000005,4.6459298477829325,1,1,0
2010-10,81.95,82.71,83.41,83.98,2.030000000000001,2.477120195241002,1,1,0
2010-11,84.32,84.89,85.41,85.84,1.5200000000000102,1.8026565464895759,1,1,0
2010-12,89.23,89.85,90.4,90.81,1.5799999999999983,1.770704919869997,1,1,0
2011-01,89.58,90.96,92.2,93.17,3.5900000000000034,4.007590980129497,1,1,0
2011-02,89.74,92.47,94.7,96.06,6.320000000000007,7.042567416982402,1,1,0
2011-03,102.98,103.9,104.47,104.89,1.9099999999999966,1.854729073606522,1,1,0
2011-04,110.04,110.58,111.01,111.26,1.2199999999999989,1.1086877499091228,1,0,0
2011-05,101.36,101.88,102.26,102.55,1.1899999999999977,1.1740331491712683,1,0,0
2011-06,96.29,96.83,97.31,97.77,1.4799999999999898,1.5370235746183296,1,0,0
2011-07,97.34,97.76,98.2,98.67,1.3299999999999983,1.3663447709061005,1,0,0
2011-08,86.34,86.66,87.05,87.45,1.1099999999999994,1.2856150104239048,1,0,0
2011-09,85.61,85.81,86.06,86.3,0.6899999999999977,0.8059806097418499,1,0,0
2011-10,86.43,86.56,86.63,86.71,0.2799999999999869,0.3239615874117632,1,0,0
2011-11,97.16,97.18,97.16,97.12,-0.03999999999999204,-0.04116920543432693,0,0,0
2011-12,98.58,98.74,98.92,99.05,0.46999999999999886,0.47677013593020784,1,0,0
2012-01,100.32,100.54,100.83,101.11,0.7900000000000063,0.7874800637958596,1,0,0
2012-02,102.26,102.67,103.17,103.63,1.3699999999999903,1.3397222765499612,1,0,0
2012-03,106.21,106.7,107.19,107.58,1.3700000000000045,1.2898973731287118,1,0,0
2012-04,103.35,103.83,104.27,104.63,1.2800000000000011,1.238509917755202,1,0,0
2012-05,94.72,95.05,95.33,95.58,0.8599999999999994,0.9079391891891886,1,0,0
2012-06,82.41,82.71,83.05,83.4,0.9900000000000091,1.2013105205679033,1,0,0
2012-07,87.93,88.27,88.61,89.02,1.0899999999999892,1.2396224269305005,1,0,0
2012-08,94.16,94.45,94.77,95.17,1.0100000000000051,1.0726423109600733,1,0,0
2012-09,94.56,94.9,95.25,95.64,1.0799999999999983,1.1421319796954297,1,0,0
2012-10,89.57,89.99,90.49,90.97,1.4000000000000057,1.5630233337054882,1,0,0
2012-11,86.73,87.25,87.86,88.44,1.7099999999999937,1.9716361120719401,1,1,0
2012-12,88.25,88.78,89.35,89.89,1.6400000000000006,1.8583569405099156,1,1,0
2013-01,94.83,95.28,95.68,96.0,1.1700000000000017,1.2337867763366042,1,0,0
2013-02,95.32,95.82,96.28,96.65,1.3300000000000125,1.395300041963924,1,0,0
2013-03,92.96,93.34,93.61,93.75,0.7900000000000063,0.8498278829604199,1,0,0
2013-04,92.07,92.37,92.55,92.56,0.4900000000000091,0.5322037580102196,1,0,0
2013-05,94.8,95.02,95.03,94.79,-0.009999999999990905,-0.010548523206741461,0,0,0
2013-06,95.8,95.9,95.79,95.42,-0.37999999999999545,-0.39665970772442116,0,0,0
2013-07,104.7,104.22,102.93,101.55,-3.1500000000000057,-3.0085959885386875,0,0,1
2013-08,106.54,106.02,104.82,103.42,-3.1200000000000045,-2.9284775671109484,0,0,1
2013-09,106.24,105.57,104.31,102.93,-3.309999999999988,-3.115587349397579,0,0,1
2013-10,100.55,100.6,100.3,99.74,-0.8100000000000023,-0.8055693684733986,0,0,0
2013-11,93.93,94.35,94.56,94.59,0.6599999999999966,0.7026509102523119,1,0,0
2013-12,97.89,98.09,97.96,97.51,-0.37999999999999545,-0.3881908264378337,0,0,0
2014-01,94.86,94.78,94.44,93.93,-0.9299999999999926,-0.9803921568627373,0,0,0
2014-02,100.68,100.11,99.28,98.39,-2.2900000000000063,-2.274533174413991,0,0,1
2014-03,100.51,99.88,99.04,98.14,-2.3700000000000045,-2.3579743309123513,0,0,1
2014-04,102.04,101.3,100.44,99.52,-2.5200000000000102,-2.469619756958066,0,0,1
2014-05,101.8,101.11,100.18,99.19,-2.6099999999999994,-2.5638506876227893,0,0,1
2014-06,105.15,104.48,103.56,102.54,-2.6099999999999994,-2.4821683309557767,0,0,1
2014-07,102.39,101.46,100.65,99.89,-2.5,-2.4416446918644397,0,0,1
2014-08,96.08,95.02,94.57,94.27,-1.8100000000000023,-1.8838467943380541,0,0,1
2014-09,93.03,92.18,91.67,91.39,-1.6400000000000006,-1.7628721917660974,0,0,1
2014-10,84.34,83.73,83.31,82.98,-1.3599999999999994,-1.6125207493478768,0,0,0
2014-11,75.81,75.83,75.84,75.89,0.0799999999999983,0.10552697533306725,1,0,0
2014-12,59.29,59.57,59.88,60.25,0.9600000000000009,1.619160060718504,1,0,0
2015-01,47.33,47.9,48.72,49.62,2.289999999999999,4.838368899218253,1,1,0
2015-02,50.73,51.82,53.13,54.45,3.720000000000006,7.3329390892962865,1,1,0
2015-03,47.85,49.62,51.17,52.44,4.589999999999996,9.592476489028206,1,1,0
2015-04,54.63,56.13,57.17,57.84,3.210000000000001,5.875892366831413,1,1,0
2015-05,59.37,60.16,60.59,60.91,1.5399999999999991,2.5939026444332143,1,1,0
2015-06,59.83,60.22,60.53,60.78,0.9500000000000028,1.5878321912084288,1,0,0
2015-07,50.93,51.34,51.81,52.38,1.4500000000000028,2.8470449636756388,1,0,0
2015-08,42.89,43.48,44.34,45.14,2.25,5.24597808346934,1,1,0
2015-09,45.47,45.96,46.55,47.18,1.7100000000000009,3.760721354739391,1,1,0
2015-10,46.25,46.89,47.63,48.3,2.049999999999997,4.432432432432426,1,1,0
2015-11,42.92,44.12,45.12,45.96,3.039999999999999,7.0829450139794945,1,1,0
2015-12,37.33,38.6,39.66,40.52,3.190000000000005,8.54540583980714,1,1,0
2016-01,31.78,33.04,34.21,35.23,3.4499999999999957,10.85588420390181,1,1,0
2016-02,30.62,32.57,34.17,35.4,4.779999999999998,15.610711952971906,1,1,0
2016-03,37.96,39.5,40.44,41.14,3.1799999999999997,8.377239199157007,1,1,0
2016-04,41.13,42.29,43.03,43.52,2.3900000000000006,5.810843666423536,1,1,0
2016-05,46.8,47.4,47.82,48.18,1.3800000000000026,2.9487179487179542,1,0,0
2016-06,48.84,49.46,49.97,50.41,1.5699999999999932,3.2145782145782,1,1,0
2016-07,44.8,45.52,46.19,46.87,2.0700000000000003,4.620535714285715,1,1,0
2016-08,44.8,45.49,46.2,46.88,2.0800000000000054,4.642857142857156,1,1,0
2016-09,45.23,45.81,46.44,47.05,1.8200000000000003,4.023877957108115,1,1,0
2016-10,49.87,50.38,50.94,51.47,1.6000000000000014,3.2083416883898166,1,1,0
2016-11,45.87,46.56,47.29,47.98,2.1099999999999994,4.5999563985175485,1,1,0
2016-12,52.17,53.14,53.99,54.64,2.469999999999999,4.734521755798349,1,1,0
2017-01,52.61,53.39,54.1,54.72,2.1099999999999994,4.010644364189317,1,1,0
2017-02,53.46,53.93,54.32,54.64,1.1799999999999997,2.2072577628133176,1,0,0
2017-03,49.67,50.22,50.61,50.91,1.2399999999999949,2.496476746527068,1,0,0
2017-04,51.12,51.52,51.84,52.09,0.970000000000006,1.8974960876369444,1,0,0
2017-05,48.54,48.86,49.12,49.34,0.8000000000000043,1.6481252575195802,1,0,0
2017-06,45.2,45.43,45.65,45.87,0.6699999999999946,1.4823008849557402,1,0,0
2017-07,46.68,46.84,47.02,47.22,0.5399999999999991,1.1568123393316179,1,0,0
2017-08,48.06,48.3,48.51,48.68,0.6199999999999974,1.2900540990428577,1,0,0
2017-09,49.88,50.31,50.64,50.88,1.0,2.0048115477145148,1,0,0
2017-10,51.69,51.96,52.15,52.28,0.5900000000000034,1.1414200038692268,1,0,0
2017-11,56.54,56.71,56.78,56.8,0.259999999999998,0.459851432614075,1,0,0
2017-12,57.95,57.99,57.97,57.9,-0.05000000000000426,-0.08628127696290641,0,0,0
2018-01,63.55,63.46,63.27,63.01,-0.5399999999999991,-0.8497246262785194,0,0,0
2018-02,62.16,61.97,61.63,61.21,-0.9499999999999957,-1.5283140283140215,0,0,0
2018-03,62.87,62.8,62.54,62.13,-0.7399999999999949,-1.177031970733251,0,0,0
2018-04,66.33,66.27,65.98,65.49,-0.8400000000000034,-1.2663952962460476,0,0,0
2018-05,69.89,69.84,69.53,69.06,-0.8299999999999983,-1.1875804836171102,0,0,0
2018-06,67.32,66.82,66.24,65.8,-1.519999999999996,-2.2578728461081345,0,0,1
2018-07,70.74,69.22,67.81,67.28,-3.4599999999999937,-4.891150692677402,0,0,1
2018-08,67.85,67.15,66.81,66.51,-1.3399999999999892,-1.9749447310243025,0,0,0
2018-09,70.07,69.81,69.63,69.43,-0.6399999999999864,-0.913372341943751,0,0,0
2018-10,70.76,70.74,70.73,70.71,-0.05000000000001137,-0.07066139061618339,0,0,0
2018-11,56.6,56.78,56.94,57.11,0.509999999999998,0.9010600706713745,1,0,0
2018-12,48.68,48.97,49.25,49.57,0.8900000000000006,1.8282662284305682,1,0,0
2019-01,51.38,51.68,52.02,52.41,1.029999999999994,2.004671078240549,1,0,0
2019-02,55.01,55.39,55.88,56.37,1.3599999999999994,2.472277767678603,1,0,0
2019-03,58.17,58.47,58.78,59.1,0.9299999999999997,1.5987622485817428,1,0,0
2019-04,63.88,63.93,63.94,63.86,-0.020000000000003126,-0.03130870381966676,0,0,0
2019-05,60.77,60.9,60.96,60.92,0.14999999999999858,0.2468323185782435,1,0,0
2019-06,54.71,54.88,54.92,54.88,0.1700000000000017,0.3107292999451685,1,0,0
2019-07,57.54,57.63,57.63,57.57,0.030000000000001137,0.05213764337852127,1,0,0
2019-08,54.84,54.74,54.49,54.18,-0.6600000000000037,-1.2035010940919104,0,0,0
2019-09,56.88,56.75,56.42,55.97,-0.9100000000000037,-1.5998593530239162,0,0,0
2019-10,54.01,54.05,53.95,53.74,-0.269999999999996,-0.4999074245510017,0,0,0
2019-11,57.12,57.13,56.95,56.63,-0.4899999999999949,-0.857843137254893,0,0,0
2019-12,59.86,59.74,59.44,59.05,-0.8100000000000023,-1.353157367190114,0,0,0
2020-01,57.53,57.5,57.38,57.15,-0.38000000000000256,-0.6605249435077396,0,0,0
2020-02,50.54,50.73,50.93,51.08,0.5399999999999991,1.0684606252473272,1,0,0
2020-03,30.45,31.66,32.83,33.76,3.3099999999999987,10.870279146141211,1,1,0
2020-04,16.7,24.08,27.48,29.17,12.470000000000002,74.67065868263475,1,1,0
2020-05,28.53,29.31,30.3,31.1,2.5700000000000003,9.008061689449702,1,1,0
2020-06,38.31,38.53,38.74,38.9,0.5899999999999963,1.5400678673975365,1,0,0
2020-07,40.77,40.94,41.13,41.29,0.519999999999996,1.2754476330635174,1,0,0
2020-08,42.39,42.66,42.98,43.28,0.8900000000000006,2.099551781080445,1,0,0
2020-09,39.63,39.92,40.28,40.67,1.0399999999999991,2.624274539490283,1,0,0
2020-10,39.56,39.85,40.19,40.52,0.9600000000000009,2.4266936299292237,1,0,0
2020-11,41.13,41.39,41.68,41.95,0.8200000000000003,1.993678580111841,1,0,0
2020-12,47.07,47.23,47.34,47.41,0.3399999999999963,0.7223284469938311,1,0,0
2021-01,52.1,52.1,52.01,51.84,-0.259999999999998,-0.49904030710172365,0,0,0
2021-02,59.06,58.95,58.63,58.17,-0.8900000000000006,-1.5069420927869972,0,0,0
2021-03,62.36,62.32,62.05,61.61,-0.75,-1.2026940346375883,0,0,0
2021-04,61.7,61.7,61.53,61.21,-0.490000000000002,-0.7941653160453841,0,0,0
2021-05,65.16,65.07,64.8,64.39,-0.769999999999996,-1.181706568446894,0,0,0
2021-06,71.35,70.98,70.28,69.51,-1.8399999999999892,-2.5788367203924167,0,0,1
2021-07,72.43,71.84,70.95,70.08,-2.3500000000000085,-3.2445119425652464,0,0,1
2021-08,67.71,67.43,67.04,66.6,-1.1099999999999994,-1.6393442622950813,0,0,0
2021-09,71.55,71.28,70.86,70.37,-1.1799999999999926,-1.649196366177488,0,0,0
2021-10,81.22,80.45,79.5,78.56,-2.6599999999999966,-3.275055405072638,0,0,1
2021-11,79.18,78.23,77.16,76.11,-3.0700000000000074,-3.8772417277090265,0,0,1
2021-12,71.69,71.46,71.12,70.74,-0.9500000000000028,-1.3251499511786902,0,0,0
2022-01,82.98,82.15,81.3,80.47,-2.510000000000005,-3.024825259098584,0,0,1
2022-02,91.63,90.04,88.36,86.77,-4.859999999999999,-5.3039397577212695,0,0,1
2022-03,108.26,105.63,102.52,99.42,-8.840000000000003,-8.165527433955296,0,0,1
2022-04,101.64,100.72,99.6,98.31,-3.3299999999999983,-3.276269185360093,0,0,1
2022-05,109.26,107.12,104.69,102.28,-6.980000000000004,-6.388431264872783,0,0,1
2022-06,114.34,111.87,109.2,106.71,-7.63000000000001,-6.6730802868637475,0,0,1
2022-07,99.39,96.68,94.17,91.99,-7.400000000000006,-7.445417043968212,0,0,1
2022-08,91.48,90.83,90.14,89.35,-2.1300000000000097,-2.328377787494545,0,0,1
2022-09,83.8,83.31,82.6,81.76,-2.039999999999992,-2.4343675417661004,0,0,1
2022-10,87.03,85.93,84.68,83.38,-3.6500000000000057,-4.193956107089516,0,0,1
2022-11,84.39,83.89,83.26,82.58,-1.8100000000000023,-2.144803886716438,0,0,1
2022-12,76.52,76.62,76.67,76.65,0.13000000000000966,0.1698902247778485,1,0,0
2023-01,78.16,78.44,78.65,78.73,0.5700000000000074,0.729273285568075,1,0,0
2023-02,76.86,77.09,77.23,77.18,0.3200000000000074,0.41634139994796693,1,0,0
2023-03,73.37,73.52,73.54,73.38,0.009999999999990905,0.013629548861920273,1,0,0
2023-04,79.44,79.38,79.05,78.51,-0.9299999999999926,-1.1706948640483292,0,0,0
2023-05,71.62,71.62,71.43,71.1,-0.5200000000000102,-0.7260541748115195,0,0,0
2023-06,70.27,70.44,70.38,70.2,-0.06999999999999318,-0.0996157677529432,0,0,0
2023-07,76.03,75.86,75.56,75.22,-0.8100000000000023,-1.0653689333157994,0,0,0
2023-08,81.32,80.81,80.35,79.89,-1.4299999999999926,-1.7584849975405714,0,0,0
2023-09,89.43,88.34,87.15,85.99,-3.440000000000012,-3.846583920384671,0,0,1
2023-10,85.47,84.28,83.1,82.05,-3.4200000000000017,-4.001404001404003,0,0,1
2023-11,77.38,77.39,77.28,77.09,-0.28999999999999204,-0.3747738433703697,0,0,0
2023-12,72.12,72.37,72.57,72.71,0.5899999999999892,0.8180809761508447,1,0,0
2024-01,73.86,73.84,73.81,73.73,-0.12999999999999545,-0.17600866504196513,0,0,0
2024-02,76.61,76.25,75.93,75.55,-1.0600000000000023,-1.3836313797154447,0,0,0
2024-03,80.41,79.84,79.29,78.67,-1.7399999999999949,-2.163909961447575,0,0,1
2024-04,85.56,84.71,83.84,82.92,-2.6400000000000006,-3.0855539971949515,0,0,1
