year_month,brent_price,wti_price,usd_broad_index,vix,us_gasoline_price,us_heating_oil_price,wti_brent_spread,brent_log,brent_pct_change,brent_regime,brent_volatility_3m,crack_spread_proxy,month,quarter,year,year_month_str
2000-01,25.51,27.26,,23.202,1.2888,2.421578947368421,1.75,3.23907053215372,,low,,28.619599999999995,1,1,2000,2000-01
2000-02,27.78,29.37,,23.5955,1.377,2.6595,1.5899999999999999,3.3243163373261977,0.08898471187769497,low,,30.054000000000002,2,1,2000,2000-02
2000-03,27.49,29.84,,22.718260869565217,1.5162499999999999,2.793181818181818,2.3500000000000014,3.3138223021771545,-0.010439164866810735,low,,36.192499999999995,3,1,2000,2000-03
2000-04,22.76,25.72,,27.164210526315788,1.46475,3.041578947368421,2.9599999999999973,3.1250046092581303,-0.17206256820662047,low,0.1317528710714802,38.7595,4,2,2000,2000-04
2000-05,27.74,28.79,,26.37318181818182,1.4868000000000001,3.5868181818181815,1.0500000000000007,3.3228754148866853,0.21880492091388382,low,0.19640619874125528,34.705600000000004,5,2,2000,2000-05
2000-06,29.8,31.82,,21.54,1.6332499999999999,4.292272727272728,2.0199999999999996,3.3945083935113587,0.07426099495313632,low,0.19762997341464184,38.796499999999995,6,2,2000,2000-06
2000-07,28.68,29.7,,19.893,1.551,3.9899999999999998,1.0199999999999996,3.3562000157314196,-0.037583892617449655,low,0.12854146484813628,36.461999999999996,7,3,2000,2000-07
2000-08,30.2,31.26,,18.088695652173914,1.4645000000000001,4.429565217391304,1.0600000000000023,3.407841924380824,0.05299860529986056,low,0.05939494509690228,31.309000000000008,8,3,2000,2000-08
2000-09,33.14,33.88,,19.6875,1.5502500000000001,5.056,0.740000000000002,3.500741011998417,0.09735099337748343,low,0.06877468855569022,31.9705,9,3,2000,2000-09
2000-10,30.96,33.11,,25.2,1.5322,5.022272727272727,2.1499999999999986,3.4326960487215263,-0.06578153289076638,low,0.08434855924815163,33.3924,10,4,2000,2000-10
2000-11,32.55,34.42,,26.38285714285714,1.51725,5.5245,1.8700000000000045,3.482777368654578,0.05135658914728669,low,0.08411207402602171,31.174500000000002,11,4,2000,2000-11
2000-12,25.66,28.44,,26.5305,1.44275,8.9,2.780000000000001,3.2449333591874905,-0.2116743471582181,low,0.13177716439962167,34.935500000000005,12,4,2000,2000-12
2001-01,25.62,29.59,,24.918571428571425,1.4472,8.172857142857143,3.969999999999999,3.2433732964685884,-0.001558846453624252,low,0.13912454876532204,35.162400000000005,1,1,2001,2001-01
2001-02,27.5,29.61,,23.411578947368422,1.44975,5.606315789473684,2.1099999999999994,3.3141860046725258,0.07338017174082734,low,0.14777260618320343,33.389500000000005,2,1,2001,2001-02
2001-03,24.5,27.25,,28.49681818181818,1.40925,5.2304545454545455,2.75,3.1986731175506815,-0.10909090909090913,low,0.09171940569192488,34.6885,3,1,2001,2001-03
2001-04,25.66,27.49,,28.133999999999997,1.5516,5.192,1.8299999999999983,3.2449333591874905,0.047346938775510106,low,0.09869669430770003,39.50720000000001,4,2,2001,2001-04
2001-05,28.31,28.63,,22.944090909090907,1.70175,4.191363636363636,0.3200000000000003,3.343215099123808,0.10327357755261102,low,0.11007517458336305,43.1635,5,2,2001,2001-05
2001-06,27.85,27.6,,20.94047619047619,1.61625,3.72047619047619,-0.25,3.326832966373293,-0.01624867537972441,low,0.05980211814909093,40.03249999999999,6,2,2001,2001-06
2001-07,24.61,26.43,,22.316190476190474,1.4205999999999999,3.1090476190476193,1.8200000000000003,3.2031528644029645,-0.11633752244165174,low,0.10994876192489024,35.05519999999999,7,3,2001,2001-07
2001-08,25.68,27.37,,21.86173913043478,1.42075,2.967826086956522,1.6900000000000013,3.2457124788217606,0.04347826086956519,low,0.08075288314284353,33.991499999999995,8,3,2001,2001-08
2001-09,25.62,26.2,,35.065333333333335,1.5215,2.1915789473684213,0.5799999999999983,3.2433732964685884,-0.002336448598130758,low,0.08229653398580768,38.283,9,3,2001,2001-09
2001-10,20.54,22.17,,32.72130434782609,1.3154,2.4608695652173913,1.6300000000000026,3.0223742045004123,-0.19828259172521479,low,0.12841481512228517,34.706799999999994,10,4,2001,2001-10
2001-11,18.8,19.64,,26.63095238095238,1.1705,2.3425000000000002,0.8399999999999999,2.9338568698359038,-0.08471275559883151,low,0.09838602088984916,30.361,11,4,2001,2001-11
2001-12,18.71,19.39,,23.72,1.0859999999999999,2.3021052631578947,0.6799999999999997,2.9290581402859983,-0.004787234042553212,low,0.09723395336211682,26.901999999999994,12,4,2001,2001-12
2002-01,19.42,19.72,,22.252857142857142,1.10725,2.3176190476190475,0.29999999999999716,2.966303462863179,0.03794762159273124,low,0.06226278317875538,27.0845,1,1,2002,2002-01
2002-02,20.28,20.72,,22.87578947368421,1.11375,2.3236842105263156,0.4399999999999977,3.0096351787229825,0.044284243048403615,low,0.026690917686014053,26.497500000000002,2,1,2002,2002-02
2002-03,23.7,24.53,,18.985,1.24925,3.0285,0.8300000000000018,3.1654750481410856,0.16863905325443773,low,0.07369364728685669,28.7685,3,1,2002,2002-03
2002-04,25.73,26.18,,19.900454545454547,1.3969999999999998,3.4268181818181818,0.4499999999999993,3.2476576262936527,0.08565400843881865,low,0.06332731634516967,32.94399999999999,4,2,2002,2002-04
2002-05,25.35,27.04,,20.087727272727275,1.39175,3.4981818181818185,1.6899999999999977,3.232778730037192,-0.014768752429071053,low,0.09184195822990299,33.103500000000004,5,2,2002,2002-05
2002-06,24.08,25.52,,25.271,1.38225,3.2615000000000003,1.4400000000000013,3.1813816204406202,-0.05009861932938864,low,0.07042928645279255,33.9745,6,2,2002,2002-06
2002-07,25.74,26.97,,34.04954545454546,1.3969999999999998,2.9871428571428575,1.2300000000000004,3.2480462021679806,0.06893687707641205,low,0.0611341166489422,32.934,7,3,2002,2002-07
2002-08,26.65,28.39,,33.74272727272727,1.39575,3.087727272727273,1.740000000000002,3.2827891506118534,0.03535353535353547,low,0.06137230779676526,31.971500000000006,8,3,2002,2002-08
2002-09,28.4,29.66,,37.6475,1.3996,3.5490000000000004,1.2600000000000016,3.3463891451671604,0.06566604127579745,low,0.018517501736633454,30.383200000000002,9,3,2002,2002-09
2002-10,27.54,28.84,,35.24304347826087,1.44525,4.1265217391304345,1.3000000000000007,3.315639493300509,-0.03028169014084503,low,0.04904555366355104,33.1605,10,4,2002,2002-10
2002-11,24.34,26.35,,28.175,1.419,4.043157894736842,2.0100000000000016,3.1921210875593813,-0.11619462599854757,low,0.09097646400137417,35.257999999999996,11,4,2002,2002-11
2002-12,28.33,29.46,,28.21047619047619,1.3858000000000001,4.740952380952381,1.1300000000000026,3.3439213138424253,0.16392769104354965,low,0.1435077400890213,29.87360000000001,12,4,2002,2002-12
2003-01,31.18,32.95,,27.424285714285713,1.4575,5.432380952380952,1.7700000000000031,3.4397768636296306,0.10060007059654086,low,0.14690066966506665,30.035000000000004,1,1,2003,2003-01
2003-02,32.77,35.83,,32.21842105263158,1.613,7.707894736842104,3.059999999999995,3.489513462710723,0.05099422706863388,low,0.05660549812660918,34.97599999999999,2,1,2003,2003-02
2003-03,30.61,33.51,,30.634285714285717,1.693,5.933333333333333,2.8999999999999986,3.421326752957321,-0.06591394568202635,low,0.08549383816512982,40.49600000000001,3,1,2003,2003-03
2003-04,25.0,28.17,,23.99190476190476,1.589,5.263333333333334,3.1700000000000017,3.2188758248682006,-0.18327344005227053,low,0.11713390601715094,41.738,4,2,2003,2003-04
2003-05,25.86,28.11,,20.23952380952381,1.49725,5.813809523809524,2.25,3.2526973733437115,0.034399999999999986,low,0.10894789666114513,37.024499999999996,5,2,2003,2003-05
2003-06,27.65,30.66,,20.362380952380953,1.4928000000000001,5.8185714285714285,3.0100000000000016,3.3196257279683437,0.06921887084300082,low,0.13683715828933637,35.04760000000001,6,2,2003,2003-06
2003-07,28.35,30.76,,19.161363636363635,1.5125,5.026363636363636,2.41,3.3446270301737613,0.025316455696202667,low,0.023174291070143987,35.175,7,3,2003,2003-07
2003-08,29.89,31.57,,19.274285714285714,1.62025,4.984761904761905,1.6799999999999997,3.3975239762958465,0.05432098765432092,low,0.022325739455222864,38.1605,8,3,2003,2003-08
2003-09,27.11,28.31,,19.532380952380954,1.6788,4.62047619047619,1.1999999999999993,3.299902663510574,-0.09300769488123117,low,0.07804657603171146,43.39960000000001,9,3,2003,2003-09
2003-10,29.61,30.34,,18.023478260869567,1.5635,4.626956521739131,0.7300000000000004,3.3881121421135,0.09221689413500544,low,0.09785191941729104,36.057,10,4,2003,2003-10
2003-11,28.75,31.11,,17.40105263157895,1.512,4.47,2.3599999999999994,3.3586377672433594,-0.029044241810199267,low,0.09407774692218254,34.754,11,4,2003,2003-11
2003-12,29.81,32.13,,16.826363636363638,1.4788000000000001,6.1276190476190475,2.320000000000004,3.39484390768998,0.036869565217391154,low,0.060707248147573674,32.29960000000001,12,4,2003,2003-12
2004-01,31.28,34.31,,16.101,1.57175,6.138947368421053,3.030000000000001,3.4429789156771102,0.04931231130493141,low,0.0421093839564568,34.73349999999999,1,1,2004,2004-01
2004-02,30.86,34.69,,15.99842105263158,1.6475,5.368947368421053,3.8299999999999983,3.4294608469350147,-0.013427109974424645,low,0.033218499986249185,38.334999999999994,2,1,2004,2004-02
2004-03,33.63,36.74,,17.687391304347827,1.736,5.393913043478261,3.1099999999999994,3.515418525752178,0.0897602073882049,low,0.05199341263488407,39.282000000000004,3,1,2004,2004-03
2004-04,33.59,36.75,,15.69857142857143,1.79775,5.709047619047619,3.1599999999999966,3.5142284036242013,-0.0011894142134998287,low,0.05637555222423746,41.915499999999994,4,2,2004,2004-04
2004-05,37.57,40.28,,17.705000000000002,1.9834,6.3335,2.710000000000001,3.6262058595858777,0.11848764513247989,low,0.062476259334440704,45.732800000000005,5,2,2004,2004-05
2004-06,35.18,38.03,,15.342727272727274,1.96925,6.270476190476191,2.8500000000000014,3.560477739309412,-0.06361458610593562,low,0.0925389316643818,47.5285,6,2,2004,2004-06
2004-07,38.22,40.78,,15.502380952380953,1.91125,5.9314285714285715,2.5600000000000023,3.643358938812127,0.08641273450824327,low,0.09720958409902447,42.052499999999995,7,3,2004,2004-07
2004-08,42.74,44.9,,16.68409090909091,1.8780000000000001,5.406363636363636,2.1599999999999966,3.755135249891002,0.1182626896912613,low,0.0971270302466823,36.136,8,3,2004,2004-08
2004-09,43.2,45.94,,14.08095238095238,1.86975,5.145238095238095,2.739999999999995,3.765840495250065,0.01076275152082351,low,0.0552171112938209,35.329499999999996,9,3,2004,2004-09
2004-10,49.78,53.28,,14.973809523809523,1.9995,6.353333333333333,3.5,3.907613296939446,0.1523148148148148,mid,0.07388365917087071,34.199,10,4,2004,2004-10
2004-11,43.11,48.47,,13.577619047619047,1.9794,6.165,5.359999999999999,3.763754988759043,-0.13398955403776625,low,0.1431551653576102,40.0248,11,4,2004,2004-11
2004-12,39.6,43.15,,12.459545454545456,1.841,6.576666666666667,3.549999999999997,3.6788291182604347,-0.0814196242171189,low,0.15240602412360837,37.722,12,4,2004,2004-12
2005-01,44.51,46.84,,13.437999999999999,1.8308,6.15,2.3300000000000054,3.795713883027763,0.12398989898989887,low,0.1363268547339662,32.383599999999994,1,1,2005,2005-01
2005-02,45.48,48.15,,11.708947368421052,1.91,6.137894736842106,2.6700000000000017,3.8172726688823353,0.0217928555380813,mid,0.10270517991776654,34.74,2,1,2005,2005-02
2005-03,53.1,54.19,,13.126363636363635,2.07925,6.96,1.0899999999999963,3.9721769282478934,0.1675461741424804,mid,0.07481690392736087,34.228500000000004,3,1,2005,2005-03
2005-04,51.88,52.98,,14.459047619047618,2.2425,7.1585714285714275,1.0999999999999943,3.948933359448243,-0.022975517890772124,mid,0.09962157754796763,42.305,4,2,2005,2005-04
2005-05,48.65,49.83,,13.967619047619047,2.1612,6.472380952380952,1.1799999999999997,3.884651808632014,-0.062259059367771874,mid,0.12291742290042419,42.1204,5,2,2005,2005-05
2005-06,54.35,56.35,,11.868636363636364,2.1555,7.1827272727272735,2.0,3.9954446135672184,0.11716341212744097,mid,0.09431731867749717,36.181000000000004,6,2,2005,2005-06
2005-07,57.52,59.0,,11.049,2.29,7.6285,1.4799999999999969,4.052132713412791,0.0583256669733212,mid,0.09146491108527906,38.660000000000004,7,3,2005,2005-07
2005-08,63.98,64.99,,12.951304347826087,2.4861999999999997,9.532608695652174,1.009999999999998,4.158570534521372,0.11230876216967989,mid,0.03265889987944277,40.44039999999999,8,3,2005,2005-08
2005-09,62.91,65.59,,12.628095238095238,2.90325,11.745333333333333,2.680000000000007,4.141705133581938,-0.016723976242575822,mid,0.06480235476171409,59.0265,9,3,2005,2005-09
2005-10,58.54,62.26,,14.937619047619048,2.7168,13.42235294117647,3.719999999999999,4.06971028126374,-0.06946431409950715,mid,0.09351688089661732,55.56560000000001,10,4,2005,2005-10
2005-11,55.24,58.32,,12.147619047619047,2.25675,10.304,3.0799999999999983,4.0116873285410914,-0.056371711650153644,mid,0.027461798918708393,39.54349999999999,11,4,2005,2005-11
2005-12,56.86,59.41,,11.26,2.185,13.049047619047618,2.549999999999997,4.040592106222854,0.029326574945691464,mid,0.053658258641612715,34.91,12,4,2005,2005-12
2006-01,62.99,65.49,100.00000454545456,12.036,2.3156,8.686,2.499999999999993,4.142975983633837,0.10780865283151608,mid,0.0821166091158119,34.2652,1,1,2006,2006-01
2006-02,60.21,61.63,100.21117000000001,12.471052631578948,2.2800000000000002,7.536315789473684,1.4200000000000017,4.097838451476356,-0.04413398952214642,mid,0.07598514947740675,35.550000000000004,2,1,2006,2006-02
2006-03,62.06,62.69,100.42808695652174,11.69391304347826,2.42475,6.888260869565218,0.6299999999999955,4.128101659020234,0.03072579305763168,mid,0.07597403162070693,39.7795,3,1,2006,2006-03
2006-04,70.26,69.44,99.74348,11.84736842105263,2.742,7.163684210526316,-0.8200000000000074,4.252202646837681,0.13213019658395098,mid,0.08846459122728641,44.903999999999996,4,2,2006,2006-04
2006-05,69.78,70.84,97.51177391304348,14.454545454545455,2.9067999999999996,6.244999999999999,1.0600000000000023,4.245347435758628,-0.006831767719897575,mid,0.07188399329158818,52.305599999999984,5,2,2006,2006-05
2006-06,68.56,70.95,98.69272272727272,16.918636363636363,2.8845,6.21,2.3900000000000006,4.227709274289524,-0.01748351963313266,mid,0.08347469818483053,52.589,6,2,2006,2006-06
2006-07,73.67,74.41,98.4387142857143,15.325999999999999,2.9806,6.1684210526315795,0.7399999999999949,4.299595660694722,0.07453325554259038,mid,0.05033357683671663,51.51519999999999,7,3,2006,2006-07
2006-08,73.23,73.04,97.7137652173913,13.351739130434783,2.95175,7.135217391304349,-0.18999999999999773,4.2936051730729785,-0.00597258042622506,mid,0.05013444966654261,50.7435,8,3,2006,2006-08
2006-09,61.96,63.8,97.98136190476191,12.1845,2.5549999999999997,4.896,1.8399999999999963,4.1264890155486675,-0.15389867540625435,mid,0.11586232223210462,45.34999999999999,9,3,2006,2006-09
2006-10,57.81,58.89,98.31565454545454,11.306363636363637,2.2446,5.846818181818182,1.0799999999999983,4.057161771094385,-0.06697869593285988,mid,0.07434038666488184,36.4632,10,4,2006,2006-10
2006-11,58.76,59.08,97.51328181818181,10.817619047619049,2.22925,7.4045000000000005,0.3200000000000003,4.073461351305676,0.016433143054834787,mid,0.08517193013274763,34.868500000000004,11,4,2006,2006-11
2006-12,62.47,61.96,96.79507142857143,10.9645,2.3127500000000003,6.733499999999999,-0.509999999999998,4.134686441505479,0.06313818924438386,mid,0.06591572906763238,34.66550000000001,12,4,2006,2006-12
2007-01,53.68,54.51,97.83377727272727,11.0425,2.2398,6.551904761904762,0.8299999999999983,3.9830404926634264,-0.14070753961901716,mid,0.10679235043346456,40.39159999999999,1,1,2007,2007-01
2007-02,57.56,59.28,97.47642499999999,11.155263157894737,2.27775,8.00157894736842,1.7199999999999989,4.052827882019167,0.072280178837556,mid,0.12041624015812084,38.105500000000006,2,1,2007,2007-02
2007-03,62.05,60.44,97.01175454545455,15.162727272727272,2.56275,7.107727272727273,-1.6099999999999994,4.127940511650616,0.0780055594162612,mid,0.12465416685489165,45.585499999999996,3,1,2007,2007-03
2007-04,67.49,63.98,95.6322,12.933000000000002,2.8449999999999998,7.600499999999999,-3.509999999999998,4.211979438755315,0.08767123287671219,mid,0.0077791363129354136,52.0,4,2,2007,2007-04
2007-05,67.21,63.46,94.72254782608697,13.297727272727274,3.146,7.637272727272728,-3.749999999999993,4.2078220459818745,-0.0041487627796711335,mid,0.050454054183411014,64.92200000000001,5,2,2007,2007-05
2007-06,71.05,67.49,94.44490952380953,14.947619047619046,3.056,7.346190476190476,-3.5600000000000023,4.263383854543109,0.05713435500669539,mid,0.04676008454156228,57.30200000000001,6,2,2007,2007-06
2007-07,76.93,74.12,93.20591363636363,17.273333333333333,2.9646,6.218571428571429,-2.8100000000000023,4.342895917470844,0.08275862068965534,mid,0.044656311272676816,47.58319999999999,7,3,2007,2007-07
2007-08,70.76,72.36,93.76029565217392,25.02608695652174,2.78575,6.217826086956522,1.5999999999999943,4.259293869291585,-0.08020278174964257,mid,0.08763038933422095,46.2415,8,3,2007,2007-08
2007-09,77.17,79.92,92.436595,22.198947368421056,2.80325,6.079473684210527,2.75,4.346010780469512,0.09058790276992656,mid,0.09642542391362899,40.56649999999999,9,3,2007,2007-09
2007-10,82.34,85.8,90.40017826086957,19.115652173913045,2.803,6.74304347826087,3.4599999999999937,4.410857016341759,0.06699494622262536,mid,0.09255021757358153,35.385999999999996,10,4,2007,2007-10
2007-11,92.41,94.77,89.05299545454545,25.58238095238095,3.08,7.102380952380953,2.3599999999999994,4.526235197899949,0.12229778965265958,high,0.027750522566267487,36.95000000000002,11,4,2007,2007-11
2007-12,90.93,91.69,90.00495714285714,21.651,3.0184,7.1045,0.7599999999999909,4.510089979737821,-0.01601558272914172,high,0.06961769577237044,35.8428,12,4,2007,2007-12
2008-01,92.18,92.97,89.39711739130435,25.816190476190474,3.04275,7.9852380952380955,0.789999999999992,4.523743187292363,0.01374683822720768,high,0.07280075518859754,35.61549999999998,1,1,2008,2008-01
2008-02,94.99,95.39,88.6434380952381,25.456,3.0275,8.544,0.4000000000000057,4.553771622902091,0.030483835973095896,high,0.023551803661909756,32.165000000000006,2,1,2008,2008-02
2008-03,103.64,105.45,86.83986666666667,27.103500000000004,3.2439999999999998,9.413,1.8100000000000023,4.640923355693909,0.09106221707548179,high,0.040676641857836114,32.60799999999999,3,1,2008,2008-03
2008-04,109.07,112.58,86.54753636363635,21.562727272727273,3.458,10.181363636363637,3.510000000000005,4.691989877940651,0.052392898494789675,high,0.030673179046903833,36.166000000000025,4,2,2008,2008-04
2008-05,122.8,125.4,86.82446363636363,18.303333333333335,3.7657499999999997,11.269047619047619,2.6000000000000085,4.810557015713042,0.12588246080498777,high,0.03676157718193873,35.36149999999999,5,2,2008,2008-05
2008-06,132.32,133.88,87.07280476190476,22.11047619047619,4.0542,12.685238095238095,1.5600000000000023,4.885223231275381,0.0775244299674267,high,0.037351503292351394,37.9564,6,2,2008,2008-06
2008-07,132.72,133.37,86.45375652173914,24.321818181818184,4.0615000000000006,11.088636363636363,0.6500000000000057,4.888241645882189,0.0030229746070133956,high,0.06189159790329177,37.86300000000003,7,3,2008,2008-07
2008-08,113.24,116.67,88.94499523809525,20.695714285714285,3.7785,8.256666666666666,3.430000000000007,4.7295094602436984,-0.1467751657625076,high,0.11423678505163329,45.45700000000001,8,3,2008,2008-08
2008-09,97.23,104.11,91.26510909090909,30.23857142857143,3.7026000000000003,7.673809523809524,6.8799999999999955,4.577079305821566,-0.14138113740727654,high,0.0849716874089044,58.27920000000002,9,3,2008,2008-09
2008-10,71.58,76.61,98.04,61.17739130434782,3.05125,6.736521739130435,5.030000000000001,4.2708157053378795,-0.263807466831225,mid,0.06917834580699984,56.572500000000005,10,4,2008,2008-10
2008-11,52.45,57.31,100.76666,62.66894736842105,2.1470000000000002,6.683684210526316,4.859999999999999,3.9598603348423063,-0.26725342274378316,mid,0.0716983414083006,37.724000000000004,11,4,2008,2008-11
2008-12,39.95,41.12,99.66224782608695,52.405,1.687,5.815454545454545,1.1699999999999946,3.6876286722122837,-0.2383222116301239,low,0.015802889088811514,30.903999999999996,12,4,2008,2008-12
2009-01,43.44,41.71,100.35208421052631,44.683,1.7882500000000001,5.2405,-1.7299999999999969,3.77138067562568,0.08735919899874833,low,0.1969160175069679,31.666500000000013,1,1,2009,2009-01
2009-02,43.32,39.09,102.97372631578948,45.57052631578947,1.92275,4.514736842105263,-4.229999999999997,3.76861442213279,-0.0027624309392264568,low,0.16816593971978644,37.4355,2,1,2009,2009-02
2009-03,46.54,47.94,103.43974545454545,44.79545454545455,1.9586,3.9595454545454545,1.3999999999999986,3.8403121578741457,0.07433056325023091,mid,0.04870828691513133,35.7212,3,1,2009,2009-03
2009-04,50.18,49.65,100.71618636363637,38.063809523809525,2.049,3.494761904761905,-0.5300000000000011,3.9156165409382764,0.07821229050279332,mid,0.045671477372228146,35.87799999999999,4,2,2009,2009-04
2009-05,57.3,59.03,97.55188000000001,31.977999999999998,2.2655000000000003,3.8325000000000005,1.730000000000004,4.048300623720694,0.1418891988840174,mid,0.0379341220981691,37.85100000000001,5,2,2009,2009-05
2009-06,68.61,69.64,96.04261818181818,29.140454545454546,2.6306000000000003,3.8004545454545453,1.0300000000000011,4.2284382967028,0.19738219895287967,mid,0.05963177117057022,41.87520000000001,6,2,2009,2009-06
2009-07,64.44,64.15,95.66055909090909,26.162727272727274,2.5265,3.3836363636363633,-0.28999999999999204,4.165734558308774,-0.060778312199387896,mid,0.1358923855015339,41.673,7,3,2009,2009-07
2009-08,72.51,71.05,94.37304285714286,25.337142857142858,2.6164,3.1409523809523807,-1.460000000000008,4.2837244833835015,0.12523277467411553,mid,0.13319942028278453,37.3788,8,3,2009,2009-08
2009-09,67.65,69.41,93.66380000000001,24.92666666666667,2.5540000000000003,2.986666666666667,1.759999999999991,4.214347354616797,-0.0670252378982209,mid,0.10924154575893846,39.61800000000001,9,3,2009,2009-09
2009-10,72.77,75.72,92.2597619047619,24.252272727272725,2.55125,4.007727272727273,2.950000000000003,4.287303782358995,0.07568366592756814,mid,0.09981991184711944,34.38250000000001,10,4,2009,2009-10
2009-11,76.66,77.99,91.79961052631579,23.788999999999998,2.6513999999999998,3.6630000000000003,1.3299999999999983,4.339380059952409,0.0534560945444551,mid,0.07678503286004845,34.69879999999999,11,4,2009,2009-11
2009-12,74.46,74.47,92.25861904761905,21.239545454545453,2.60725,5.347727272727273,0.010000000000005116,4.310262068444571,-0.02869814766501444,mid,0.05498325116415036,35.04450000000001,12,4,2009,2009-12
2010-01,76.17,78.33,92.44030000000001,20.643157894736845,2.715,5.832105263157895,2.1599999999999966,4.3329676843846965,0.022965350523771244,mid,0.04152935112473614,37.86,1,1,2010,2010-01
2010-02,73.75,76.39,93.88668000000001,22.54,2.644,5.32,2.6400000000000006,4.300680995219929,-0.03177103846658791,mid,0.030753406268479663,37.298,2,1,2010,2010-02
2010-03,78.83,81.2,93.14987826086957,17.767391304347825,2.7716000000000003,4.290869565217391,2.3700000000000045,4.367293635071817,0.06888135593220346,mid,0.050390568447182246,37.57720000000002,3,1,2010,2010-03
2010-04,84.82,84.29,92.63908636363637,17.424285714285716,2.84825,4.033809523809524,-0.5299999999999869,4.4405313640464446,0.07598629963211967,high,0.06026749903182757,34.806500000000014,4,2,2010,2010-04
2010-05,75.95,73.74,95.53063999999999,31.9295,2.8362000000000003,4.14,-2.210000000000008,4.330075229041782,-0.10457439283187919,mid,0.1022574697087099,43.170400000000015,5,2,2010,2010-05
2010-06,74.76,75.34,96.06062727272727,29.916363636363634,2.7315,4.801363636363636,0.5799999999999983,4.314282982587362,-0.015668202764976935,mid,0.09028383216736569,39.962999999999994,6,2,2010,2010-06
2010-07,75.58,76.32,94.45469047619048,25.565238095238094,2.72875,4.626666666666667,0.7399999999999949,4.325191697921343,0.010968432316746934,mid,0.06050339577799895,39.02749999999999,7,3,2010,2010-07
2010-08,77.04,76.6,93.68223181818183,24.74590909090909,2.7298,4.315,-0.44000000000001194,4.34432476748987,0.0193172797036254,mid,0.018272007574097276,37.611599999999996,8,3,2010,2010-08
2010-09,77.84,75.24,92.76259523809524,22.517619047619046,2.705,3.894285714285714,-2.6000000000000085,4.354655437877749,0.01038421599169248,mid,0.0049974024700390985,35.769999999999996,9,3,2010,2010-09
2010-10,82.67,81.89,90.22912,20.37333333333333,2.8005,3.4342857142857146,-0.7800000000000011,4.414856779264584,0.06205035971223016,mid,0.027614326478763815,34.95099999999999,10,4,2010,2010-10
2010-11,85.28,84.25,90.509535,20.095714285714287,2.859,3.7138095238095237,-1.0300000000000011,4.445939960417534,0.03157130760856419,high,0.02597195883791777,34.798,11,4,2010,2010-11
2010-12,91.45,89.15,91.18347142857144,17.56954545454545,2.9930000000000003,4.248636363636364,-2.299999999999997,4.515792374836875,0.07234990619136972,high,0.02120513843856225,34.256000000000014,12,4,2010,2010-12
2011-01,96.52,89.17,90.11122,17.3155,3.0948,4.4935,-7.349999999999994,4.569750240756831,0.0554401312192454,high,0.0204880263102757,33.46160000000002,1,1,2011,2011-01
2011-02,103.72,88.58,89.3966894736842,17.43,3.2110000000000003,4.092631578947369,-15.14,4.641694960670463,0.07459593866556147,high,0.010471629214241638,31.142000000000024,2,1,2011,2011-02
2011-03,114.64,102.86,88.48722608695653,20.723478260869566,3.5612500000000002,3.973913043478261,-11.780000000000001,4.741796783519916,0.10528345545699969,high,0.025143009687303593,34.93250000000002,3,1,2011,2011-03
2011-04,123.26,109.53,86.92136666666667,16.244,3.7995,4.235,-13.730000000000004,4.814295945534097,0.07519190509420803,high,0.017547935614791996,36.319,4,2,2011,2011-04
2011-05,114.99,100.9,86.94640476190476,16.91142857142857,3.9061999999999997,4.310952380952381,-14.08999999999999,4.744845168060573,-0.06709394775271793,high,0.09207309999934751,49.07039999999999,5,2,2011,2011-05
2011-06,113.83,96.26,86.94125454545454,19.153181818181817,3.68,4.536818181818182,-17.569999999999993,4.734706107337125,-0.010087833724671702,high,0.07160958363465517,40.730000000000004,6,2,2011,2011-06
2011-07,116.97,97.3,86.31780499999999,19.2275,3.6502499999999998,4.4235,-19.67,4.761917491662616,0.027584995168233428,high,0.047667321626039046,36.34049999999999,7,3,2011,2011-07
2011-08,110.22,86.33,86.89824347826087,35.02913043478261,3.6393999999999997,4.054782608695652,-23.89,4.70247836845509,-0.057707104385739894,high,0.04274260018102761,42.634799999999984,8,3,2011,2011-08
2011-09,112.83,85.52,89.72526666666667,36.53,3.61125,3.8961904761904758,-27.310000000000002,4.725882261150355,0.023679912901469757,high,0.04815571703121666,38.842500000000015,9,3,2011,2011-09
2011-10,109.55,86.32,90.60984499999999,32.829047619047614,3.4479999999999995,3.5657142857142854,-23.230000000000004,4.696381066041475,-0.02907028272622536,high,0.041284575966550996,35.26599999999998,10,4,2011,2011-10
2011-11,110.77,97.16,91.26488,31.94190476190476,3.38375,3.238571428571429,-13.61,4.7074559795288415,0.011136467366499314,high,0.027557527458233328,31.34750000000001,11,4,2011,2011-11
2011-12,107.87,98.56,92.20559047619047,25.047619047619047,3.26575,3.1695238095238096,-9.310000000000002,4.680926798387338,-0.02618037374740445,high,0.022425732829516175,29.291500000000013,12,4,2011,2011-12
2012-01,110.69,100.27,91.646265,20.228,3.38,2.6705,-10.420000000000002,4.706733501397532,0.02614257903031425,high,0.026942597639446394,31.27000000000001,1,1,2012,2012-01
2012-02,119.33,102.2,89.9605,18.4205,3.57925,2.5044999999999997,-17.129999999999995,4.781892764381564,0.07805583160177076,high,0.052118236868238126,30.998499999999993,2,1,2012,2012-02
2012-03,125.45,106.16,90.51121363636364,16.167272727272728,3.85175,2.171818181818182,-19.290000000000006,4.8319072728124315,0.05128634878069227,high,0.025960868502151117,36.32350000000001,3,1,2012,2012-03
2012-04,119.75,103.32,90.81560952380953,17.823,3.9004,1.9449999999999998,-16.430000000000007,4.785406236291025,-0.04543642885611798,high,0.06496439963201243,44.0668,4,2,2012,2012-04
2012-05,110.34,94.66,92.49278636363637,21.001818181818184,3.73225,2.4318181818181817,-15.680000000000007,4.703566507844284,-0.07858037578288102,high,0.06747738272998707,46.414500000000004,5,2,2012,2012-05
2012-06,95.16,82.3,93.88086666666666,21.13095238095238,3.53875,2.455238095238095,-12.86,4.555559685434757,-0.1375747688961393,high,0.04666964277774925,53.4675,6,2,2012,2012-06
2012-07,102.62,87.9,93.40616666666668,17.565238095238094,3.4392000000000005,2.9533333333333336,-14.719999999999999,4.631032845513819,0.07839428331231613,high,0.11162736636437139,41.82640000000001,7,3,2012,2012-07
2012-08,113.36,94.13,92.5282652173913,15.689565217391305,3.7215,2.8382608695652176,-19.230000000000004,4.730568595382425,0.10465796141103101,high,0.13292172378957834,42.943,8,3,2012,2012-08
2012-09,112.86,94.51,90.98020000000001,15.284736842105264,3.8485,2.8478947368421053,-18.349999999999994,4.726148112540994,-0.004410726887791094,high,0.0569245542637188,48.777,9,3,2012,2012-09
2012-10,111.71,89.49,90.75663,16.276190476190475,3.7456000000000005,3.317391304347826,-22.22,4.715906227582757,-0.010189615452773415,high,0.06470360658644356,45.60520000000004,10,4,2012,2012-10
2012-11,109.06,86.53,91.47508,16.701904761904764,3.4517499999999997,3.5404761904761903,-22.53,4.691898189497915,-0.023722137677915978,high,0.009911737970082216,35.91349999999997,11,4,2012,2012-11
2012-12,109.49,87.86,90.88039,17.307,3.3104,3.3415,-21.629999999999995,4.6958332208853335,0.003942783788740023,high,0.013833544652111378,29.546800000000005,12,4,2012,2012-12
2013-01,112.96,94.76,90.82551428571429,13.505238095238095,3.3185000000000002,3.3285714285714287,-18.19999999999999,4.727033773744932,0.03169239199926932,high,0.02770727562373517,26.417000000000016,1,1,2013,2013-01
2013-02,116.05,95.31,91.55087368421053,14.072631578947368,3.67,3.3299999999999996,-20.739999999999995,4.754021132720446,0.027354815864022664,high,0.014927483425218322,38.08999999999999,2,1,2013,2013-02
2013-03,108.47,92.94,92.41318,13.0315,3.71125,3.8095,-15.530000000000001,4.686473637052126,-0.06531667384747952,high,0.05479899395143579,47.4025,3,1,2013,2013-03
2013-04,102.25,92.02,92.04782272727272,13.967272727272727,3.5702,4.166363636363636,-10.230000000000004,4.627420794922911,-0.057343044159675505,high,0.0513571015348109,47.69839999999999,4,2,2013,2013-04
2013-05,102.56,94.51,92.52896818181819,13.493636363636364,3.61475,4.041363636363636,-8.049999999999997,4.63044799317236,0.003031784841075913,high,0.03737247327550358,49.2595,5,2,2013,2013-05
2013-06,102.92,95.77,93.283615,17.2715,3.626,3.8259999999999996,-7.150000000000006,4.6339519874135435,0.0035101404056161467,high,0.03499633045681017,49.372,6,2,2013,2013-06
2013-07,107.93,104.67,93.87238636363637,13.974545454545455,3.5909999999999997,3.622727272727273,-3.260000000000005,4.681482868837255,0.04867858530897795,high,0.026217194205300418,42.891999999999996,7,3,2013,2013-07
2013-08,111.28,106.57,93.71488636363637,14.21,3.57375,3.4254545454545453,-4.710000000000008,4.712049547615187,0.031038636153062127,high,0.022763912593285623,38.817499999999995,8,3,2013,2013-08
2013-09,111.6,106.29,93.470565,14.692000000000002,3.5324,3.62,-5.309999999999988,4.71492104994721,0.0028756290438531895,high,0.023102069093054522,36.76080000000002,9,3,2013,2013-09
2013-10,109.08,100.54,92.49926818181818,15.407826086956522,3.34375,3.677826086956522,-8.539999999999992,4.692081557977388,-0.022580645161290325,high,0.026821024696148613,31.3575,10,4,2013,2013-10
2013-11,107.79,93.86,93.37366842105263,12.924000000000001,3.24275,3.6380000000000003,-13.930000000000007,4.680184889793537,-0.011826182618261738,high,0.012779042916334842,28.405500000000004,11,4,2013,2013-11
2013-12,110.76,97.63,93.53402,14.192380952380953,3.2763999999999998,4.239047619047619,-13.13000000000001,4.707365698302761,0.027553576398552826,high,0.02639401465049492,26.848799999999997,12,4,2013,2013-12
2014-01,108.12,94.62,94.46474761904763,14.24095238095238,3.3125,4.713333333333334,-13.5,4.683241721408247,-0.023835319609967542,high,0.02688185083063315,31.004999999999995,1,1,2014,2014-01
2014-02,108.9,100.82,94.64558235294118,15.47,3.35625,6.000526315789474,-8.080000000000013,4.690430029938915,0.007214206437291981,high,0.025879791572946825,32.0625,2,1,2014,2014-02
2014-03,107.48,100.8,94.44082105263158,14.836666666666666,3.5332,4.903333333333333,-6.680000000000007,4.6773047837472905,-0.013039485766758507,high,0.015763011260680544,40.914399999999986,3,1,2014,2014-03
2014-04,107.76,102.07,93.99555,14.19809523809524,3.66075,4.657619047619048,-5.690000000000012,4.679906532102109,0.002605135839225836,high,0.0106161022733457,45.991500000000016,4,2,2014,2014-04
2014-05,109.54,102.18,93.67002857142857,12.475238095238096,3.67275,4.581904761904762,-7.359999999999999,4.696289779355575,0.016518188567186343,high,0.014787288084911494,44.715500000000006,5,2,2014,2014-05
2014-06,111.8,105.79,93.82740476190477,11.541428571428572,3.6915999999999998,4.5876190476190475,-6.009999999999991,4.716711560720999,0.02063173270038332,high,0.009446802597894084,43.24720000000001,6,2,2014,2014-06
2014-07,106.77,103.59,93.6038590909091,12.296363636363635,3.61125,4.050909090909091,-3.1799999999999926,4.670676988190211,-0.04499105545617177,high,0.036757445212049426,44.90250000000002,7,3,2014,2014-07
2014-08,101.61,96.54,94.58080952380952,13.491904761904761,3.4865,3.912380952380952,-5.069999999999993,4.62114195549779,-0.04832818207361611,high,0.03888649419601069,44.82299999999999,8,3,2014,2014-08
2014-09,97.09,93.21,96.12086666666667,13.466666666666667,3.4061999999999997,3.923809523809524,-3.8800000000000097,4.575638383382054,-0.04448381064855822,high,0.002088576190036251,45.970399999999984,9,3,2014,2014-09
2014-10,87.43,84.4,97.43960454545454,18.058695652173913,3.1705,3.781739130434783,-3.030000000000001,4.470838473192799,-0.09949531362653208,high,0.030711344274558783,45.730999999999995,10,4,2014,2014-10
2014-11,79.44,75.79,99.11468888888889,13.413157894736841,2.9122500000000002,4.122631578947368,-3.6499999999999915,4.375002019736917,-0.09138739563079046,mid,0.029698344730267348,42.87450000000001,11,4,2014,2014-11
2014-12,62.34,59.29,101.44413333333333,16.292272727272728,2.5425999999999997,3.4818181818181815,-3.0500000000000043,4.132603274339191,-0.21525679758308147,mid,0.06929416550964249,44.44919999999999,12,4,2014,2014-12
2015-01,47.76,47.22,103.76074000000001,19.1195,2.11575,2.9945,-0.5399999999999991,3.8661884690843467,-0.233878729547642,mid,0.0774534110842497,41.101499999999994,1,1,2015,2015-01
2015-02,58.1,50.58,105.16853888888889,15.90421052631579,2.21625,2.874736842105263,-7.520000000000003,4.062165663857866,0.21649916247906198,mid,0.25482027360007203,34.982499999999995,2,1,2015,2015-02
2015-03,55.89,47.82,107.36473809523811,14.812727272727273,2.4636,2.830909090909091,-8.07,4.023385473281607,-0.038037865748709154,mid,0.22582551830227793,47.581199999999995,3,1,2015,2015-03
2015-04,59.52,54.45,106.35228181818182,13.494761904761905,2.469,2.609047619047619,-5.07,4.086312390524837,0.06494900697799255,mid,0.12803830437636582,44.17799999999999,4,2,2015,2015-04
2015-05,64.08,59.27,105.40651499999998,13.3385,2.7182500000000003,2.85,-4.809999999999995,4.160132302760104,0.07661290322580627,mid,0.06309667352055015,50.086500000000015,5,2,2015,2015-05
2015-06,61.48,59.82,106.17898636363635,14.339545454545457,2.8015999999999996,2.7836363636363637,-1.6599999999999966,4.118711918670395,-0.04057428214731584,mid,0.06455494744682977,56.18719999999998,6,2,2015,2015-06
2015-07,56.56,50.9,108.12356818181819,14.352727272727272,2.7935,2.8395652173913044,-5.660000000000004,4.0353020215883175,-0.08002602472348719,mid,0.08147088453048218,60.766999999999996,7,3,2015,2015-07
2015-08,46.52,42.87,109.97674761904761,19.42809523809524,2.6362,2.7738095238095237,-3.6500000000000057,3.839882327650464,-0.17751060820367748,mid,0.070487872955113,64.2004,8,3,2015,2015-08
2015-09,47.62,45.48,110.85125714285715,24.377142857142857,2.36525,2.6609090909090907,-2.1400000000000006,3.8632528410587166,0.02364574376612194,mid,0.10059403356716139,51.72050000000001,9,3,2015,2015-09
2015-10,48.43,46.22,109.90357142857142,16.789545454545454,2.29,2.340909090909091,-2.210000000000001,3.880119456415138,0.017009659806803912,mid,0.11427018436946014,47.75000000000001,10,4,2015,2015-10
2015-11,44.27,42.44,111.6916105263158,16.21,2.158,2.0923809523809522,-1.8300000000000054,3.7903072467440495,-0.08589717117489148,low,0.06141865037970208,46.36599999999999,11,4,2015,2015-11
2015-12,38.01,37.19,112.7857409090909,18.025454545454547,2.0374999999999996,1.929565217391304,-0.8200000000000003,3.6378492830011573,-0.14140501468262945,low,0.08038049685419955,47.56499999999999,12,4,2015,2015-12
2016-01,30.7,31.68,115.2343875,23.717894736842105,1.9485000000000001,2.282380952380952,0.9800000000000004,3.4242626545931514,-0.19231781110234147,low,0.05322685120112868,51.137,1,1,2016,2016-01
2016-02,32.18,30.32,114.281735,22.517,1.7635999999999998,1.9890476190476192,-1.8599999999999994,3.471345141564237,0.04820846905537457,low,0.12675322316812138,41.89119999999999,2,1,2016,2016-02
2016-03,38.21,37.55,111.89339130434782,15.84909090909091,1.96875,1.7282608695652173,-0.6600000000000037,3.6430972614588084,0.1873834679925419,low,0.19209183269205693,44.4775,3,1,2016,2016-03
2016-04,41.58,40.75,110.01707619047619,14.300476190476191,2.11275,1.9185714285714286,-0.8299999999999983,3.727619282429867,0.08819680711855526,low,0.07165512450335401,47.1555,4,2,2016,2016-04
2016-05,46.74,46.71,111.14051428571429,14.852857142857141,2.2682,1.9222727272727271,-0.030000000000001137,3.844600329110712,0.12409812409812426,mid,0.0502194069526138,48.52440000000001,5,2,2016,2016-05
2016-06,48.25,48.76,111.55962727272727,17.774545454545457,2.3655,2.5863636363636364,0.509999999999998,3.876395827784995,0.0323063756953359,mid,0.04625719756676048,51.101,6,2,2016,2016-06
2016-07,44.95,44.65,112.47729,13.1585,2.239,2.822857142857143,-0.30000000000000426,3.8055507609176296,-0.06839378238341964,mid,0.09628030343120254,49.087999999999994,7,3,2016,2016-07
2016-08,45.84,44.72,111.43836956521739,12.399565217391304,2.1776,2.823913043478261,-1.1200000000000045,3.8251570724064843,0.01979977753058959,mid,0.05488630801491192,45.61919999999999,8,3,2016,2016-08
2016-09,46.57,45.18,112.31686190476191,14.21952380952381,2.2185,2.9936363636363637,-1.3900000000000006,3.840956556994286,0.015924956369982368,mid,0.049837683122808896,46.607000000000006,9,3,2016,2016-09
2016-10,49.52,49.78,113.474695,14.585238095238097,2.2494,2.9785714285714286,0.259999999999998,3.9023766283763406,0.06334550139574846,mid,0.026331072887712113,44.9548,10,4,2016,2016-10
2016-11,44.73,45.66,116.107515,15.236190476190476,2.1814999999999998,2.549545454545455,0.9299999999999997,3.8006444174447567,-0.0967285945072699,low,0.08222250988928669,46.892999999999994,11,4,2016,2016-11
2016-12,53.31,51.97,117.90482857142858,12.472380952380954,2.25425,3.5913636363636368,-1.3400000000000034,3.9761239308346696,0.1918175720992623,mid,0.14456122082203443,41.3685,12,4,2016,2016-12
2017-01,54.58,52.5,117.78577894736841,11.6085,2.3489999999999998,3.3045454545454547,-2.0799999999999983,3.9996675152801924,0.023822922528606183,mid,0.1449216804618638,44.07799999999999,1,1,2017,2017-01
2017-02,54.87,53.47,116.12038947368421,11.530526315789475,2.3040000000000003,2.853,-1.3999999999999986,4.004966751070884,0.005313301575668783,mid,0.1027526571235725,41.89800000000002,2,1,2017,2017-02
2017-03,51.59,49.33,115.65584782608695,11.89782608695652,2.325,2.8795652173913044,-2.260000000000005,3.9433278552565585,-0.05977765627847631,mid,0.0439099374460018,46.06,3,1,2017,2017-03
2017-04,52.31,51.06,114.769795,13.136315789473684,2.41725,3.102,-1.25,3.95718755738252,0.01395619306067064,mid,0.04030759420994109,49.2145,4,2,2017,2017-04
2017-05,50.33,48.48,114.25913181818181,10.862272727272726,2.3914,3.1495652173913045,-1.8500000000000014,3.9186013207882686,-0.03785127126744414,mid,0.037862603049554834,50.1088,5,2,2017,2017-05
2017-06,46.37,45.18,112.76027272727273,10.513636363636364,2.3465,2.975454545454545,-1.1899999999999977,3.8366526984033693,-0.07868070733161137,mid,0.046426737130875376,52.183,6,2,2017,2017-06
2017-07,48.48,46.63,111.060555,10.2645,2.2998,2.9842857142857144,-1.8499999999999943,3.881151341761059,0.04550355833513042,mid,0.06329402592475335,48.1116,7,3,2017,2017-07
2017-08,51.7,48.04,109.90586086956522,11.975652173913044,2.38025,2.901304347826087,-3.6600000000000037,3.9454577815143836,0.06641914191419152,mid,0.07843591835249475,48.27050000000001,8,3,2017,2017-08
2017-09,56.15,49.82,108.85424499999999,10.437999999999999,2.64525,2.975714285714286,-6.329999999999998,4.0280266811844525,0.08607350096711786,mid,0.02028823842934946,54.9505,9,3,2017,2017-09
2017-10,57.51,51.58,110.88917619047619,10.125454545454545,2.505,2.8786363636363634,-5.93,4.051958845725663,0.024220837043633203,mid,0.031603646409239655,47.699999999999996,10,4,2017,2017-10
2017-11,62.71,56.64,111.163525,10.54047619047619,2.5635,3.0136363636363637,-6.07,4.138520924554929,0.09041905755520774,mid,0.03702890829111512,44.957,11,4,2017,2017-11
2017-12,64.37,57.88,110.87581,10.2645,2.47675,2.8225000000000002,-6.490000000000002,4.164647686064525,0.026471057247647867,mid,0.037586820902193216,39.653499999999994,12,4,2017,2017-12
2018-01,69.08,63.7,108.35677619047618,11.062380952380952,2.5545999999999998,3.8755,-5.3799999999999955,4.235265253278478,0.07317073170731692,mid,0.033085019476418044,38.213199999999986,1,1,2018,2018-01
2018-02,65.32,62.23,107.6500947368421,22.464736842105264,2.58725,2.670526315789474,-3.0899999999999963,4.179298268102264,-0.05442964678633477,mid,0.06455958500945246,43.34450000000001,2,1,2018,2018-02
2018-03,66.02,62.73,107.94717499999999,19.023809523809526,2.59125,2.6928571428571426,-3.289999999999999,4.189957726425047,0.010716472749540795,mid,0.06380492136749163,42.8125,3,1,2018,2018-03
2018-04,72.11,66.25,107.94335714285714,18.267619047619046,2.757,2.796190476190476,-5.859999999999999,4.2781927309286685,0.09224477431081501,mid,0.07348953060383578,43.68400000000001,4,2,2018,2018-04
2018-05,76.98,69.98,111.04704090909091,14.124545454545455,2.9007500000000004,2.800909090909091,-7.0,4.3435456478556,0.0675357093329636,mid,0.04180475948475392,44.851500000000016,5,2,2018,2018-05
2018-06,74.41,67.87,112.84441904761906,13.678095238095239,2.89075,2.967142857142857,-6.539999999999992,4.309590341409169,-0.03338529488178754,mid,0.0665563686773996,47.00150000000001,6,2,2018,2018-06
2018-07,74.25,70.98,113.05953333333333,13.147619047619049,2.8486000000000002,2.8323809523809524,-3.269999999999996,4.307437777682809,-0.0021502486224969086,mid,0.051666897756532805,45.39120000000001,7,3,2018,2018-07
2018-08,72.53,68.06,113.83163043478261,12.54695652173913,2.83575,2.9617391304347827,-4.469999999999999,4.284000269375321,-0.023164983164983166,mid,0.015925356899715446,46.5715,8,3,2018,2018-08
2018-09,78.89,70.23,114.07866315789474,12.910526315789474,2.8355,2.995263157894737,-8.659999999999997,4.368054477106998,0.08768785330208195,mid,0.058879615853162766,40.20100000000001,9,3,2018,2018-09
2018-10,81.03,70.75,114.83125909090909,19.35217391304348,2.8600000000000003,3.2752173913043476,-10.280000000000001,4.394819456472634,0.02712637850171129,mid,0.05550565232640742,39.09000000000002,10,4,2018,2018-10
2018-11,64.75,56.96,116.16904500000001,19.38904761904762,2.64725,4.090999999999999,-7.789999999999999,4.1705337005796475,-0.2009132420091324,mid,0.1521842923166723,46.4345,11,4,2018,2018-11
2018-12,57.36,49.52,116.2118052631579,24.953157894736844,2.3655999999999997,4.041666666666667,-7.839999999999996,4.0493471962913645,-0.11413127413127411,mid,0.11509916224634628,41.99519999999998,12,4,2018,2018-12
2019-01,59.41,51.38,114.44248999999999,19.57238095238095,2.24775,3.1085714285714285,-8.029999999999994,4.08446256236765,0.0357391910739191,mid,0.11971956145767136,34.99549999999999,1,1,2019,2019-01
2019-02,63.96,54.95,114.41300555555556,15.234736842105262,2.30925,2.6926315789473683,-9.009999999999998,4.158257887965753,0.07658643326039405,mid,0.10041820672218386,33.0285,2,1,2019,2019-02
2019-03,66.14,58.15,114.78351904761905,14.485238095238095,2.516,2.948571428571429,-7.990000000000002,4.191773707553646,0.03408380237648534,mid,0.024075267869862794,39.532,3,1,2019,2019-03
2019-04,71.23,63.86,114.90375454545455,12.949047619047619,2.7984,2.6471428571428572,-7.3700000000000045,4.265914077990263,0.07695796794677956,mid,0.02464685829683618,46.30279999999999,4,2,2019,2019-04
2019-05,71.32,60.83,115.95738181818182,16.721818181818183,2.85925,2.639090909090909,-10.489999999999995,4.267176792994939,0.0012635125649302914,mid,0.03795834574947081,48.7685,5,2,2019,2019-05
2019-06,64.22,54.66,115.42707,15.836000000000002,2.71575,2.3985,-9.560000000000002,4.162314688661368,-0.09955131800336503,mid,0.08855206440723519,49.841499999999996,6,2,2019,2019-06
2019-07,63.92,57.35,115.0775909090909,13.305909090909092,2.7399999999999998,2.366190476190476,-6.57,4.157632301458019,-0.004671441918405406,mid,0.05657008136393105,51.15999999999998,7,3,2019,2019-07
2019-08,59.04,54.81,117.10038636363637,18.97909090909091,2.621,2.2209090909090907,-4.229999999999997,4.078215180292217,-0.07634543178973718,mid,0.049460194205261244,51.041999999999994,8,3,2019,2019-08
2019-09,62.83,56.95,117.32392,15.559000000000001,2.5922,2.559,-5.8799999999999955,4.140432666414855,0.06419376693766932,mid,0.07027427717380903,46.0424,9,3,2019,2019-09
2019-10,59.71,53.96,116.74625909090909,15.466521739130435,2.627,2.331304347826087,-5.75,4.089499510558901,-0.049657806780200486,mid,0.07463877069551572,50.62399999999999,10,4,2019,2019-10
2019-11,63.21,57.03,116.55946842105263,12.5235,2.59775,2.641578947368421,-6.18,4.146462516484207,0.05861664712778425,mid,0.06418286696681813,45.895500000000006,11,4,2019,2019-11
2019-12,67.31,59.88,115.90961,13.756666666666666,2.555,2.224285714285714,-7.43,4.209308814022622,0.06486315456415137,mid,0.06439128669245477,40.0,12,4,2019,2019-12
2020-01,63.65,57.52,115.27938571428571,13.94095238095238,2.5477499999999997,2.0185714285714287,-6.1299999999999955,4.153399325003416,-0.05437527856187796,mid,0.067111844534033,43.355499999999985,1,1,2020,2020-01
2020-02,55.66,50.54,116.71054210526317,19.628947368421052,2.442,1.9131578947368422,-5.119999999999997,4.019261756097745,-0.1255302435192459,mid,0.09620332548494866,46.90400000000001,2,1,2020,2020-02
2020-03,32.01,29.21,121.02274090909091,57.73681818181819,2.2342,1.7886363636363638,-2.799999999999997,3.4660483539817717,-0.424901185770751,low,0.1966280066587653,61.8264,3,1,2020,2020-03
2020-04,18.38,16.55,123.28034545454544,41.453809523809525,1.8405,1.7390476190476192,-1.8299999999999983,2.911263116927541,-0.42580443611371444,low,0.17310322915532037,58.92100000000001,4,2,2020,2020-04
2020-05,29.38,28.56,122.61501000000001,30.897000000000002,1.8695,1.7485,-0.8200000000000003,3.380314170745731,0.5984766050054406,low,0.59110836142951,49.138999999999996,5,2,2020,2020-05
2020-06,40.27,38.31,119.67660454545454,31.119545454545456,2.0822,1.6318181818181818,-1.9600000000000009,3.695606774863363,0.37066031313818937,low,0.5378054187834702,47.182399999999994,6,2,2020,2020-06
2020-07,43.24,40.71,118.69004999999999,26.840454545454545,2.18325,1.7586363636363636,-2.530000000000001,3.7667659927710075,0.07375217283337476,low,0.263119249371112,48.4565,7,3,2020,2020-07
2020-08,44.74,42.34,116.94534761904762,22.88952380952381,2.1824,2.3023809523809526,-2.3999999999999986,3.8008679560619836,0.034690101757631764,low,0.18373725448362663,46.92079999999999,8,3,2020,2020-08
2020-09,40.91,39.63,116.34313333333334,27.64761904761905,2.18275,1.9223809523809523,-1.279999999999994,3.711374531941307,-0.08560572194903904,low,0.08305808131209061,50.7655,9,3,2020,2020-09
2020-10,40.19,39.4,115.77981428571428,29.438636363636363,2.158,2.389090909090909,-0.7899999999999991,3.6936182084611096,-0.017599608897580055,low,0.06031877879792698,50.446,10,4,2020,2020-10
2020-11,42.69,40.94,114.09840000000001,24.9955,2.1082,2.6136842105263156,-1.75,3.7539647007698704,0.06220452848967395,low,0.07398355886191431,45.8544,11,4,2020,2020-11
2020-12,49.99,47.02,111.89921428571428,22.37409090909091,2.19525,2.575909090909091,-2.969999999999999,3.911822985425479,0.17100023424689637,mid,0.09467057512717135,42.2105,12,4,2020,2020-12
2021-01,54.77,52.0,111.48727222222222,24.91,2.33425,2.7126315789473683,-2.770000000000003,4.00314259879563,0.095619123824765,mid,0.055730531101442334,43.268499999999996,1,1,2021,2021-01
2021-02,62.28,59.04,112.01705263157895,23.140526315789476,2.501,5.353684210526316,-3.240000000000002,4.131640346965797,0.13711886069015877,mid,0.037754662940404,42.762,2,1,2021,2021-02
2021-03,65.41,62.33,113.33664347826087,21.84304347826087,2.8104,2.6182608695652174,-3.0799999999999983,4.180675151973121,0.05025690430314711,mid,0.0434452885577614,52.6268,3,1,2021,2021-03
2021-04,64.81,61.72,112.63228636363637,17.416190476190476,2.85825,2.662857142857143,-3.0900000000000034,4.171459912439625,-0.009172909341079283,mid,0.07357330153893994,55.23649999999999,4,2,2021,2021-04
2021-05,68.53,65.17,111.21226999999999,19.7605,2.9852,2.9125,-3.3599999999999994,4.227271605597732,0.057398549606542115,mid,0.0365482899596349,56.8484,5,2,2021,2021-05
2021-06,73.16,71.38,111.57769545454545,16.956818181818182,3.06375,3.258181818181818,-1.7800000000000011,4.292648823522665,0.06756165183131468,mid,0.04167981260267645,55.51750000000001,6,2,2021,2021-06
2021-07,75.17,72.49,113.06331904761906,17.603333333333335,3.136,3.8404761904761906,-2.680000000000007,4.319752215189378,0.027474029524330312,mid,0.020839797708586193,56.542000000000016,7,3,2021,2021-07
2021-08,70.75,67.73,113.40253636363636,17.472727272727273,3.1578,4.074090909090909,-3.019999999999996,4.259152536523347,-0.05880005321271786,mid,0.06457233065328244,61.8776,8,3,2021,2021-08
2021-09,74.49,71.65,113.44374761904761,19.824761904761903,3.175,5.161428571428571,-2.839999999999989,4.310664888188185,0.0528621908127207,mid,0.05853237398585567,58.86,9,3,2021,2021-09
2021-10,83.54,81.48,114.06348499999999,17.871428571428574,3.2904999999999998,5.513809523809523,-2.0600000000000023,4.425325559069029,0.12149281782789645,mid,0.0909982958204528,54.66099999999999,10,4,2021,2021-10
2021-11,81.05,79.15,114.989795,18.50047619047619,3.3948,5.0505,-1.8999999999999915,4.395066248181685,-0.029806080919320244,mid,0.07575790704362013,61.53160000000001,11,4,2021,2021-11
2021-12,74.17,71.71,115.8045380952381,21.354545454545455,3.3064999999999998,3.757727272727273,-2.460000000000008,4.306359755748467,-0.0848858729179518,mid,0.10686229787496229,64.70299999999999,12,4,2021,2021-12
2022-01,86.51,83.22,115.03728000000001,23.181,3.3146,4.383,-3.2900000000000063,4.460260014192283,0.1663745449642713,high,0.1320684286352086,52.703199999999995,1,1,2022,2022-01
2022-02,97.13,91.64,114.99774210526316,25.748421052631578,3.5172499999999998,4.691578947368421,-5.489999999999995,4.5760502874142395,0.12276037452317645,high,0.13425781016015167,50.59449999999998,2,1,2022,2022-02
2022-03,117.25,108.5,116.29083913043478,26.968695652173913,4.22175,4.898260869565218,-8.75,4.764308407326388,0.20714506331720384,high,0.04220032925008982,60.063500000000005,3,1,2022,2022-03
2022-04,104.58,101.78,117.16879523809523,24.3735,4.1085,6.595999999999999,-2.799999999999997,4.649952328759984,-0.1080597014925373,high,0.16317308139596656,67.97700000000002,4,2,2022,2022-04
2022-05,113.34,109.55,119.69619047619047,29.313636363636363,4.4436,8.144761904761904,-3.7900000000000063,4.730392150741473,0.08376362593230069,high,0.1588359802827354,73.2912,5,2,2022,2022-05
2022-06,122.71,114.84,120.02570952380954,28.23318181818182,4.929,7.703333333333334,-7.86999999999999,4.809823847988456,0.08267160755249692,high,0.11043536095722108,84.308,6,2,2022,2022-06
2022-07,111.93,101.62,122.7512,24.995238095238093,4.5592500000000005,7.2844999999999995,-10.310000000000002,4.717873675901176,-0.08784940102681105,high,0.0987670980076484,79.55850000000001,7,3,2022,2022-07
2022-08,100.45,93.67,122.31775217391305,22.169565217391302,3.975,8.805652173913044,-6.780000000000001,4.609660091260944,-0.10256410256410264,high,0.1029613237342356,66.50000000000001,8,3,2022,2022-08
2022-09,89.76,84.26,125.59460000000001,27.34181818181818,3.70025,7.880476190476191,-5.5,4.497139441774387,-0.10642110502737678,high,0.009800570551566783,65.65050000000001,9,3,2022,2022-09
2022-10,93.33,87.55,127.480605,30.005714285714287,3.8152,5.6605,-5.780000000000001,4.536141599577656,0.03977272727272729,high,0.08331395061111799,66.90839999999999,10,4,2022,2022-10
2022-11,91.42,84.37,124.85272,23.29909090909091,3.685,5.450952380952381,-7.049999999999997,4.515464272903598,-0.02046501660773592,high,0.07347297862344115,63.35000000000001,11,4,2022,2022-11
2022-12,80.92,76.44,122.23432857142858,21.784285714285716,3.21,5.52952380952381,-4.480000000000004,4.393461012299545,-0.11485451761102605,mid,0.07793966528432758,53.89999999999999,12,4,2022,2022-12
2023-01,82.5,78.12,119.81006500000001,20.16904761904762,3.3391999999999995,3.2730000000000006,-4.3799999999999955,4.412798293340635,0.01952545724172028,mid,0.06900071683175761,57.746399999999966,1,1,2023,2023-01
2023-02,82.59,76.83,120.30837368421054,20.1205,3.38875,2.3805263157894734,-5.760000000000005,4.413888607822626,0.0010909090909090313,mid,0.07284818938500646,59.73749999999998,2,1,2023,2023-02
2023-03,78.43,73.28,120.74501304347825,21.644347826086957,3.4219999999999997,2.3056521739130433,-5.150000000000006,4.362206507224575,-0.050369294103402296,mid,0.036224442355773157,65.29399999999998,3,1,2023,2023-03
2023-04,84.64,79.45,119.24514500000001,17.817894736842106,3.6029999999999998,2.1631578947368424,-5.189999999999998,4.438406968109989,0.07917888563049846,mid,0.06522859222919274,66.68599999999999,4,2,2023,2023-04
2023-05,75.47,71.58,119.62925454545456,17.63608695652174,3.5548,2.1468181818181815,-3.8900000000000006,4.323735226296777,-0.10834120982986772,mid,0.0960097738833811,73.83160000000001,5,2,2023,2023-05
2023-06,74.84,70.25,119.29695238095238,14.003181818181817,3.571,2.177142857142857,-4.590000000000003,4.315352501405889,-0.008347687822975902,mid,0.09382909259687135,75.142,6,2,2023,2023-06
2023-07,80.11,76.07,118.04916499999999,13.932380952380951,3.597,2.5509999999999997,-4.040000000000006,4.383400690227026,0.0704168893639765,mid,0.08958889541509212,70.96400000000001,7,3,2023,2023-07
2023-08,86.15,81.39,119.85634782608695,15.85391304347826,3.83975,2.5830434782608696,-4.760000000000005,4.456089962973938,0.07539633004618662,high,0.04697821122218455,75.11949999999999,8,3,2023,2023-08
2023-09,93.72,89.43,121.64553000000001,15.173333333333332,3.8360000000000003,2.6365000000000003,-4.289999999999992,4.540311613639595,0.08786999419616937,high,0.008990717389963886,67.39200000000002,9,3,2023,2023-09
2023-10,90.6,85.64,123.49714761904761,18.887727272727272,3.6128,2.9814285714285713,-4.959999999999994,4.506454213048934,-0.033290653008962945,high,0.06664377317014565,61.13759999999999,10,4,2023,2023-10
2023-11,82.94,77.69,121.22211999999999,14.01909090909091,3.318,2.7076190476190476,-5.25,4.418117454818235,-0.08454746136865343,mid,0.08853901382802547,56.416,11,4,2023,2023-11
2023-12,77.63,71.9,119.83314,12.7185,3.134,2.523,-5.72999999999999,4.351953950417589,-0.06402218471183996,mid,0.02579720406641396,53.99799999999999,12,4,2023,2023-12
2024-01,80.12,74.15,120.22735714285714,13.388636363636364,3.0753999999999997,3.1761904761904765,-5.969999999999999,4.383525510797617,0.03207522864871848,mid,0.06225866962830197,49.04679999999999,1,1,2024,2024-01
2024-02,83.48,77.25,121.06594,13.980476190476189,3.2115,1.7215,-6.230000000000004,4.4246070822090005,0.04193709435846227,mid,0.05853679479746725,51.403000000000006,2,1,2024,2024-02
2024-03,85.41,81.28,120.65883333333333,13.7875,3.4255,1.4929999999999999,-4.1299999999999955,4.4474631899580555,0.023119310014374506,high,0.009412526064435586,58.46100000000001,3,1,2024,2024-03
2024-04,89.94,85.35,122.14281363636364,16.137727272727275,3.6114000000000006,1.5990909090909091,-4.590000000000003,4.499142781342561,0.05303828591499826,high,0.015124431562525319,61.738800000000026,4,2,2024,2024-04
2024-05,81.75,80.02,121.8583409090909,13.058695652173913,3.6029999999999998,2.1204545454545456,-1.730000000000004,4.403665809777363,-0.091060707138092,mid,0.07604465928517894,69.576,5,2,2024,2024-05
2024-06,82.25,79.77,123.70947894736841,12.667,3.4545,2.5357894736842104,-2.480000000000004,4.409763389645481,0.006116207951070374,mid,0.07349552596996779,62.839,6,2,2024,2024-06
2024-07,85.15,81.8,123.38243636363636,14.373913043478263,3.4838,2.075454545454545,-3.3500000000000085,4.444414407108697,0.035258358662614064,high,0.06614267931160034,61.1696,7,3,2024,2024-07
2024-08,80.36,76.68,122.61374090909091,19.312272727272727,3.38925,1.9904545454545455,-3.6799999999999926,4.386516539946734,-0.056253669994128064,mid,0.04675061142535137,61.9885,8,3,2024,2024-08
2024-09,74.02,70.24,121.88485499999999,17.663333333333334,3.2138,2.276,-3.780000000000001,4.30433532695801,-0.07889497262319567,mid,0.06044013983171112,60.95960000000001,9,3,2024,2024-09
2024-10,75.63,71.99,123.5952909090909,19.960869565217394,3.137,2.199090909090909,-3.6400000000000006,4.325853029867938,0.02175087814104293,mid,0.05279981911359504,56.123999999999995,10,4,2024,2024-10
2024-11,74.35,69.95,126.31133684210526,16.015238095238097,3.05275,2.117,-4.3999999999999915,4.308783672906164,-0.0169245008594473,mid,0.05077025308109397,53.8655,11,4,2024,2024-11
2024-12,73.86,70.12,127.57578095238097,15.866190476190477,3.0176,3.005714285714286,-3.739999999999995,4.3021714094244174,-0.006590450571620665,mid,0.020024187246850712,52.8792,12,4,2024,2024-12
2025-01,79.27,75.74,128.83695238095237,16.763636363636365,3.0755,4.126190476190477,-3.530000000000001,4.372859746849064,0.07324668291362024,mid,0.04934842594843208,49.900999999999996,1,1,2025,2025-01
2025-02,75.44,71.53,127.87583157894737,16.968,3.12075,4.1889473684210525,-3.9099999999999966,4.323337638325202,-0.04831588242714768,mid,0.06176897392555905,55.63150000000002,2,1,2025,2025-02
2025-03,72.73,68.24,126.24304285714285,21.841428571428573,3.0964,4.12,-4.490000000000009,4.286753954166449,-0.03592258748674437,mid,0.066894170961123,57.318799999999996,3,1,2025,2025-03
2025-04,68.13,63.54,124.14020000000001,31.966190476190473,3.17125,3.4233333333333333,-4.589999999999996,4.221417644785577,-0.06324762821394214,mid,0.01368215773957592,65.0625,4,2,2025,2025-04
2025-05,64.45,62.17,122.3421619047619,20.46227272727273,3.15,3.1185714285714283,-2.280000000000001,4.165889729385197,-0.05401438426537486,mid,0.0138997827035507,67.84999999999998,5,2,2025,2025-05
2025-06,71.44,68.17,120.59387,18.403333333333336,3.1502,3.024,-3.269999999999996,4.268857936568244,0.10845616757176102,mid,0.0965782295130871,60.86840000000001,6,2,2025,2025-06
2025-07,71.04,68.39,120.11269090909092,16.381304347826084,3.12475,3.2013636363636366,-2.6500000000000057,4.2632430986839145,-0.005599104143336975,mid,0.08341595028286773,60.199499999999986,7,3,2025,2025-07
2025-08,67.87,64.86,120.57584285714286,15.75,3.1325,2.912857142857143,-3.010000000000005,4.217594110715667,-0.04462274774774777,mid,0.07954516964338117,63.69499999999999,8,3,2025,2025-08
2025-09,67.99,63.96,120.0290619047619,15.789090909090909,3.1656,2.974285714285714,-4.029999999999994,4.219360635538369,0.0017680860468540782,mid,0.02493066957123425,64.9652,9,3,2025,2025-09
2025-10,64.54,60.89,120.7618,18.086521739130436,3.05975,3.186086956521739,-3.6500000000000057,4.167285186623816,-0.050742756287689206,mid,0.028713970256567044,63.9695,10,4,2025,2025-10
2025-11,63.8,60.06,121.41771666666666,19.7695,3.0495,3.7941176470588234,-3.739999999999995,4.155753190350744,-0.011465757669662402,mid,0.027310577324046775,64.27900000000001,11,4,2025,2025-11
2025-12,62.54,57.97,120.18832272727272,15.548181818181819,2.8944,4.263809523809524,-4.57,4.135806352029695,-0.019749216300940398,mid,0.02070385563224991,59.024800000000006,12,4,2025,2025-12
2026-01,66.6,60.04,119.22981,16.17904761904762,2.8085,7.717894736842105,-6.559999999999995,4.198704577546343,0.06491845219059789,mid,0.046675791888774076,51.357,1,1,2026,2026-01
2026-02,70.89,64.51,117.90602105263157,19.207,2.9074999999999998,3.621578947368421,-6.3799999999999955,4.261129379866926,0.06441441441441453,mid,0.04873804960716516,51.224999999999994,2,1,2026,2026-02
2026-03,103.13,91.38,119.91985454545456,25.596818181818183,3.6376,3.044090909090909,-11.75,4.635990328327978,0.4547891098885597,high,0.22523757333626349,49.64920000000001,3,1,2026,2026-03
2026-04,117.29,100.32,119.03631818181817,19.811904761904763,4.1025,2.7676190476190476,-16.970000000000013,4.764649500533414,0.13730243382139062,high,0.20756639729645635,55.015,4,2,2026,2026-04
2026-05,,,118.70756875000001,17.416842105263157,4.47925,2.8074999999999997,,,,,,,5,2,2026,2026-05
