year,hub_low_p50_kboed,hub_base_p10_kboed,hub_base_p50_kboed,hub_base_p90_kboed,hub_high_p50_kboed,agg_p10_kboed,agg_p50_kboed,agg_p90_kboed
2027.0,5.633776718235667,6.256366958825776,7.181605178406413,8.199266931300077,8.976364603922118,5.387488861617042,6.266978135298828,7.11920844387362
2027.0833333333333,7.644291140612555,7.81991645301853,9.056295446222444,10.460843232531694,10.783452049861445,8.34863886036189,10.087873833361627,11.986845828519273
2027.1666666666667,10.271922560562043,9.670713027361801,11.379162360243852,13.456022956577414,12.92330515427198,12.443215456097189,16.014259498005504,20.617458120906118
2027.25,13.718303745106438,11.883330302797326,14.20910827491339,17.274304698219474,15.420901523418252,18.065516828562075,24.64040390723197,34.17473130488841
2027.3333333333333,18.08491565778561,14.46503213077043,17.68085491705556,22.181252060667887,18.30005325003244,25.487736370758135,36.27011732020125,51.74293606670969
2027.4166666666667,23.44641173940237,17.499363860308833,21.87522164821146,27.958373132240762,21.74042392287824,34.71410860935959,50.37713800109131,70.32960669238983
2027.5,30.013118826447,21.104875947447805,26.798106217813647,35.1914558171349,25.665062372137417,45.56655845767382,65.37432084482195,87.80368630247722
2027.5833333333333,37.75227515263753,25.101545241960935,32.49926668481089,43.61518080227095,30.12779550615664,57.12796423069874,79.79015184156499,103.23958776700572
2027.6666666666667,46.356069027247585,29.766678600677004,39.221624428739304,53.16239624675285,35.21127618887092,68.20977061018453,92.17152288406878,115.60443877504125
2027.75,55.567165681269586,34.94305650191029,46.69391250504389,63.70838680452477,41.00027534251398,78.30446215883536,102.84473359419259,125.37056659385094
2027.8333333333333,64.8559063641792,40.695967612308074,54.81295607911029,75.02274119570033,47.34892572406066,86.98078596853713,111.0279805965422,131.75471183024496
2027.9166666666667,73.78178758378021,47.00036723915183,63.55579400557942,86.36048927771148,54.40526890129111,94.24925655212772,117.22820991058545,136.73946093272062
2028.0,82.16078146327597,53.764084929296445,72.65848716332567,97.55129421720851,61.982939449686334,101.74202756893311,124.3386736208107,144.12412801432538
2028.0833333333333,89.6162911848825,60.733082428067206,81.75203372150094,108.44184530379881,70.11662465227633,107.3324906403588,129.42735672616408,148.77144894866686
2028.1666666666667,96.27290592286315,68.05962264248623,90.74308891687006,117.83289301203331,78.68639414563353,112.72528114863566,134.7670748213674,154.31105172878773
2028.25,101.21890624469715,75.43580706229032,99.16296131257268,126.74753070163781,87.43235041341453,117.90221462362928,140.69023638732796,161.6352097720693
2028.3333333333333,105.15197630991196,82.45877295608827,106.81167134878577,134.51069709653592,96.30887151974326,122.54208365527342,147.16999598244342,170.79533740871827
2028.4166666666667,109.0663595270364,89.44407024455658,113.65915723464113,140.72679380979068,105.2019127869446,127.2972842664623,154.18195137359717,179.68650615753722
2028.5,111.97811892100117,96.30990038684094,119.99916340825686,146.50762262131104,113.78267267702506,132.42482368084552,161.18222408896358,187.947161523412
2028.5833333333333,114.16112249091411,102.15661716947784,125.61077358896443,150.7383549676057,122.09328790202626,137.01227183825074,167.32531970174045,193.7666704442473
2028.6666666666667,116.40902237969446,106.77585556892484,130.42845878517423,155.30334329670583,130.12832682538723,142.11607852921875,171.5831757524926,197.70076769992647
2028.75,117.54820342710934,110.8865745835614,134.54504384410902,159.98618843597487,137.4459688835496,145.91625844968783,173.97713457144238,200.28178553229293
2028.8333333333333,118.08483971671899,114.90925562623379,138.0832739771515,162.80772184338593,143.8666686189567,148.57552937546453,175.26230012038633,202.4830340227974
2028.9166666666667,118.4191962693562,117.89404921088226,140.85459020888894,164.5990198750808,149.52009616964062,150.04508302832383,175.4277622050801,202.27544615434724
2029.0,118.58496767664074,121.23476184203426,143.56180907732113,166.28993147476766,155.07406502730908,153.44090661495682,178.41353261374388,205.19267216232427
2029.0833333333333,118.67093240807053,123.61283971598104,146.06225871273895,167.530959133204,159.45987705790517,155.37784559079847,180.89008953840255,209.11933973742526
2029.1666666666667,118.70191063808322,126.62229063389603,147.56332882070552,169.47622299712955,164.23134023836613,157.9949937540014,185.628742344058,219.9535648485795
2029.25,118.72422627322315,128.03350298559562,149.3663819107849,170.85490439524324,168.1830727644157,161.88947754438303,194.41304812720864,236.44851474793307
2029.3333333333333,118.72422627322315,129.20923545779286,150.29736221755235,171.14962499426707,171.85441658673267,167.20044703254058,204.97904672207193,249.39558589379905
2029.4166666666667,118.65406560769839,130.03494056210567,150.5499973686567,172.14947533181785,174.93583010852777,173.8863132619192,214.0798742049648,257.41414091661136
2029.5,118.49407054828359,130.862531162959,150.97464603054436,172.5944925372835,177.74946293924413,181.13856011067503,219.23395495523403,260.25836881182744
2029.5833333333333,117.71969860326767,130.9928253562043,151.1297500466442,172.81691035954867,180.26655021740584,186.20503399767028,221.32632915840497,260.15009564920103
2029.6666666666667,116.99113853799408,131.29354765619016,151.23341945025953,172.88594562299943,181.7408953006727,189.372950690618,220.8982474110429,258.36866618826616
2029.75,115.52763587144797,131.57026738258165,151.2069862447927,172.88594562299943,183.83205228767366,190.03725865942133,218.86198459873992,255.2963668372432
2029.8333333333333,113.41130828983492,131.6072371565207,151.27658107565878,172.88594562299943,184.7819370129445,189.20621208839944,216.0852893197663,251.56219321530799
2029.9166666666667,110.76942707803643,131.65910130127824,151.35025590215542,172.88594562299943,186.37795874231128,186.94297838931996,212.49162579716494,247.4799628529662
2030.0,107.94321254722927,131.6072371565207,151.10899837384216,172.60678089563274,187.61222888675678,183.99026166269775,208.42793111165153,243.10980098303617
2030.0833333333333,104.72012293361361,131.38926014220235,150.8864808118082,172.14644225049642,187.83752610680244,180.94230028209114,204.3499466377927,238.56570878241848
2030.1666666666667,101.7431747459456,130.85663348724736,150.51934451893436,171.03714140351823,188.73257516961166,177.51610126765567,200.19490260288075,233.89422380018942
2030.25,98.71476581904722,129.92620492344687,149.9207400806977,170.9618166219484,188.95813743685633,174.02116301947976,195.96320825006543,229.0162515426345
2030.3333333333333,95.64738972185698,128.60240431823675,148.68824260331542,170.0821002799005,188.95813743685633,170.1409901474049,191.60924721977324,224.04601095435845
2030.4166666666667,92.62171620042321,126.82975368001509,147.02326355410045,168.17634305864408,189.033695032124,165.93272664366768,186.99183729885897,218.75488603547558
2030.5,89.72655698083778,124.87743654377391,144.93504200364333,166.7864226886897,189.07016580418124,161.57466794784483,182.2161791290786,213.3642027262976
2030.5833333333333,87.00487654526982,122.88337687742813,142.59628250294503,165.4416726886975,189.0050003571547,156.9082463832394,177.19680943742364,207.61435227317406
2030.6666666666667,84.3495248630506,120.50256772527675,140.07782305107384,163.07484742744197,188.97273166483953,152.2475675681676,171.86832472846805,201.7641647611711
2030.75,81.76328706876636,118.73333953106204,137.13029308487452,160.4428370416586,188.63585773966304,147.83140852026685,166.74290507500174,195.9076750187838
2030.8333333333333,79.20897699454702,116.4415184277215,134.06364575052555,157.2639926213781,187.85690876991657,143.38009153799473,161.4678067504454,189.8827772622871
2030.9166666666667,76.80594239849799,114.39377913199695,131.20026067506055,153.21772207275524,187.19112210004167,139.04688653892885,156.29869155631144,183.92744557851043
2031.0,74.54766384304614,112.49747319879923,128.20738794572645,149.2342503286732,186.02833280071522,134.7824472231576,151.3235452304794,178.17743236682514
2031.0833333333333,72.26958527502984,110.56369300864404,125.17430381940828,145.07248886318146,184.71298996567754,130.79129217334835,146.50943178194444,172.53153448695056
2031.1666666666667,70.09179203282024,108.47466198606267,122.39982491636472,141.55532770081277,183.07145893619597,126.83312473523036,141.87160295354556,166.90666654171056
2031.25,68.00360151166508,106.4400777857688,119.61018372528478,137.65962964857798,181.51775857574063,122.90635277615962,137.38146659369986,161.45113691025517
2031.3333333333333,66.00671991195752,104.51307209335971,116.90277441207269,133.96090136569438,179.58865770158627,119.15176751726946,133.08681480766015,156.15813906072344
2031.4166666666667,64.09117626966639,102.55612896874203,114.1887743652605,130.3770976263419,177.20726365567972,115.46985133778763,128.8703450611724,151.09828843175674
2031.5,62.224735032392466,100.62481172833425,111.6452374870312,126.82249039532047,174.7540968096387,111.89617061516377,124.79770484472822,146.14469732646913
2031.5833333333333,60.382126910582365,98.68318340954039,109.06642395786652,123.27731110279068,172.17042846781553,108.41276585273695,120.90056726945991,141.3535042542305
2031.6666666666667,58.57974253262851,96.77109330799665,106.38807607595385,120.1287842832928,169.6762516325361,105.05300180301174,117.08251637305634,136.74772828164532
2031.75,56.8854163734749,94.79602316637131,103.90997952573022,116.98175228930879,167.12822183381138,101.77994366314094,113.43138460373666,132.2732368372193
2031.8333333333333,55.19938419824445,92.94164836957671,101.55059889058934,113.58836769258242,164.5903327939837,98.5933182936255,109.82155445712688,127.97668240906278
2031.9166666666667,53.5970140642021,91.0311205455719,99.1593237714663,110.33296074712393,161.8755665669736,95.50508445478764,106.38611960132936,123.82163654107107
2032.0,52.09758758758382,89.1580018296587,96.91660782862417,107.23120240254127,159.15910459618178,92.49642894183168,103.03499362970135,119.85518419523814
2032.0833333333333,50.57846959000304,87.32329483304414,94.66519577927491,104.29466454533527,156.47042842379187,89.58360253667333,99.82063036528059,115.95105007377474
2032.1666666666667,49.12019124060367,85.50956066550827,92.39669219844133,101.63114149310611,153.46189450753164,86.72953521838083,96.65900670829288,112.1497224991502
2032.25,47.6603489388002,83.76232530729183,90.24417474465025,98.89389670042327,150.59214100014808,83.96101432532997,93.61195340242065,108.49637455960352
2032.3333333333333,46.25534363706584,81.97018085659272,88.17394696964048,96.35334681464326,147.98060704815484,81.28523512718218,90.69335185951627,104.98128686234973
2032.4166666666667,44.97959135129038,80.28033341873817,86.17966348025489,94.02167419506256,145.5137064700125,78.69546512910938,87.85649594884609,101.64224672049457
2032.5,43.66235446774214,78.45567487649873,84.23351103173894,91.74304249974493,142.96352546998992,76.17535764825428,85.09080982599804,98.45878076975336
2032.5833333333333,42.372945525375,76.7269848763315,82.31463189442216,89.38066115601451,140.38584046005536,73.7296656359449,82.44859213499814,95.33451442537744
2032.6666666666667,41.150928937115445,75.13848653899561,80.44550017811054,87.2208032111186,138.03518386119524,71.35474790402807,79.84355028957944,92.25222673111323
2032.75,39.8807317173209,73.41389209775438,78.55731999241232,85.04044907564521,135.69043662962952,69.08464317454904,77.28925842494861,89.32696279928412
2032.8333333333333,38.68088366595985,71.70096239452725,76.77650307461245,83.09905080013519,133.21238389700602,66.87047886467933,74.8595453603347,86.51871283037936
2032.9166666666667,37.53194432253637,69.95344320322342,75.09598149355605,81.11857203572609,130.86025895815087,64.72410642273576,72.50972216382051,83.8148669428444
2033.0,36.386287700499786,68.23994717010557,73.44975077712797,79.0887877628356,128.4393343102663,62.638158951578106,70.20514156185173,81.19899914480352
2033.0833333333333,35.314964662104096,66.5244399468687,71.79791887626695,77.28891601688981,126.07602671192441,60.625669477361065,67.96517119665539,78.6448473369357
2033.1666666666667,34.24271346878237,64.63873564890103,70.1199441334264,75.50466273046737,123.87199846458968,58.68418315694803,65.80198417807368,76.18524884323051
2033.25,33.214569239715246,63.070101343686716,68.45627156072803,73.84695204233846,121.466570605605,56.794478625648026,63.73297449600098,73.84482181350182
2033.3333333333333,32.25642234123488,61.39342210519476,66.96888491456195,72.15264888473438,119.22670496572619,54.94309293221664,61.706938398678034,71.56365197366532
2033.4166666666667,31.28477554246798,59.80654481572915,65.46970635356996,70.47735384173961,117.14542362917167,53.17745243030798,59.757586778887806,69.25962948315502
2033.5,30.347267374488826,58.22896217450671,64.04508376000153,68.88819470213096,115.16151054782013,51.45554138241306,57.8594163778864,67.12098093592981
2033.5833333333333,29.43232124776886,56.75825888666663,62.63872870829944,67.36014216640717,113.18828606798763,49.78031983984949,56.04575594687484,65.03676029317275
2033.6666666666667,28.53665460637127,55.27574359111976,61.28728868841958,65.89327345944702,111.18533990290355,48.1697699149191,54.28234316660815,63.05321943606075
2033.75,27.67345547557001,53.81996736113365,59.91275590723652,64.64812607643837,109.18784752239725,46.600494259408606,52.57229713322554,61.066840910660225
2033.8333333333333,26.82023848344084,52.34497453243005,58.57992234608544,63.25369777301497,107.31479185661873,45.09300836927859,50.913281526766234,59.21584741331793
2033.9166666666667,26.021368693465543,50.984489320781584,57.259488116497366,61.92731305353619,105.44455276833504,43.62501580244144,49.28918180369249,57.42794107585703
2034.0,25.219890721445598,49.578805266396664,55.951859203971345,60.6887022464845,103.64232718253291,42.198825379851286,47.73938176843906,55.66946262956458
2034.0833333333333,24.47447847193599,48.22165721988942,54.641911316330244,59.50955096565153,101.90616886993833,40.83061261131657,46.220060081580165,53.96538422295697
2034.1666666666667,23.750150960677672,46.82584097496207,53.404289660355595,58.26976146822216,100.09470510570452,39.502007816895734,44.755065186230105,52.346838844203766
2034.25,23.031787161790845,45.40587957526459,52.19771760828684,57.16790758609578,98.37282315326617,38.21963869234394,43.338723586088506,50.77017294002176
2034.3333333333333,22.350167098258126,44.130267488036296,50.99227741800702,56.02841910136226,96.6586536570431,36.97552913280697,41.96219510487626,49.2580166652991
2034.4166666666667,21.687861964450178,42.83989496405266,49.78877834540564,54.933608878759614,94.97955829554965,35.772888648020384,40.6233653700793,47.7289765463426
2034.5,21.034238275616612,41.69912139568044,48.630208040303266,53.96387471233367,93.28994659478917,34.61179900752354,39.32179231380712,46.236394932110876
2034.5833333333333,20.394979431022033,40.484655384265935,47.54797158743989,52.899646290934186,91.73484697762402,33.48960557983481,38.060476710002355,44.78803391360026
2034.6666666666667,19.761686916463727,39.2233212930568,46.457685075198945,51.880896323019215,90.19475051011338,32.40378380825765,36.845252392336626,43.46479801563538
2034.75,19.150207506272174,38.056720468098504,45.41814537584688,50.87188505061212,88.69994509315582,31.348826504730113,35.663854058493335,42.08713757781865
2034.8333333333333,18.537600709550592,36.93113210764471,44.41044561902202,49.88851681092456,87.29030057976935,30.324533145237165,34.51794637410701,40.82598772028392
2034.9166666666667,17.95719920496493,35.862103896163156,43.40045885418267,48.969880222337906,85.8257019435349,29.3375786999222,33.41138434050156,39.59930349546986
2035.0,17.377112056272985,34.77806020379681,42.41509472220042,48.11046113092735,84.42689255141511,28.386610223010706,32.34289938176482,38.416000244813965
2035.0833333333333,16.83316474086256,33.83827219588049,41.44306818604674,47.2157160602253,83.02236269338256,27.46206859565344,31.298994503932786,37.224975607502124
2035.1666666666667,16.300584990549826,32.80362161688719,40.46786339273328,46.31084664145654,81.6234769769581,26.563220923804494,30.295697703257517,36.11315080769233
2035.25,15.789549884037058,31.85357360018754,39.56015628737404,45.40463037269387,80.28426492018878,25.698740824730603,29.325975770716475,35.03066886135933
2035.3333333333333,15.317224986756111,30.945480669823393,38.59310376744315,44.56648653166399,78.99550474704313,24.864773674615655,28.382978709104002,33.99236484521555
2035.4166666666667,14.84567881516932,30.025923396498534,37.71095550603669,43.79246463400997,77.69632238164976,24.057284387955164,27.483824877047404,32.99032272735495
2035.5,14.376809078877761,29.09656132948522,36.873537643629994,42.98629941938811,76.36931041723979,23.27561555703321,26.597663512630405,32.02517619910938
2035.5833333333333,13.925461243374752,28.227437150803905,35.99238209210443,42.19366544004423,75.04993707731998,22.516181335219603,25.747293196343744,31.049414636777286
2035.6666666666667,13.477408216151087,27.427977872387316,35.18272043403456,41.39567258693535,73.80067790079653,21.779503196615156,24.912394523106038,30.136906419279597
2035.75,13.037360443357885,26.664423715741997,34.38614690743808,40.59494593073994,72.56208133030924,21.05941171047434,24.11627542121387,29.25043479826047
2035.8333333333333,12.625226243658188,25.916575736770405,33.589947889505694,39.86374569877516,71.39732785359669,20.360417955018253,23.344236676904515,28.399126842641564
2035.9166666666667,12.238954178069285,25.12986246748638,32.81567088660675,39.15699362668039,70.2231278000612,19.610181613703638,22.58481216348685,27.571140535128652
2036.0,11.849954252585574,24.432520450311195,32.039376691744636,38.42971996404841,69.07203396520381,16.60994730208996,21.835431505868165,26.76963997952283
2036.0833333333333,11.478809798889806,23.717915028793573,31.31955415974247,37.711499609134194,67.93271506392524,16.067981996918906,21.055838581573425,25.97531493831975
2036.1666666666667,11.128546688171017,23.031786012087878,30.608253685189656,37.04595246844433,66.7715086291897,15.544186855874548,20.069549615178747,25.21216518279836
2036.25,10.772965765679416,22.329234845052888,29.940433714273862,36.381209133978984,65.67135434772806,15.03646793777115,17.239569173181895,24.43866924560229
2036.3333333333333,10.431270277950349,21.686966333769316,29.25677261214172,35.70842516297285,64.53801179807739,14.540916164180382,16.68562717510234,23.59825358534746
2036.4166666666667,10.112501276100621,21.061289874090342,28.569819413842815,35.06620757328743,63.491596365803815,14.05800998483546,16.14572870867531,22.722117702196083
2036.5,9.791935221749235,20.404881707422103,27.920968347722734,34.453904957356045,62.40454547881759,13.577999426938316,15.629536410519158,19.564870664392533
2036.5833333333333,9.482505522464935,19.799389758052442,27.286281318948788,33.830640291946,61.35321212467962,8.97372279885791,15.125682855000482,18.996337940871232
2036.6666666666667,9.19226328913782,19.163746736971316,26.66353953145697,33.20614884670817,60.317192217142214,8.679675110062862,14.61082851835476,18.452213688469808
2036.75,8.905256298697847,18.574825421806715,26.007552326086024,32.624623583047864,59.28210216234288,8.395121513405726,14.110571111864022,17.89793891417124
2036.8333333333333,8.631650021009824,18.037938764343544,25.401659784505647,31.98138893093543,58.292123942614985,8.120476343075675,13.583204751175998,17.380483727363316
2036.9166666666667,8.356983004753852,17.455959701093555,24.82297330255891,31.359458517569898,57.33698174044528,7.854255462606033,12.96451360200215,16.879155563169455
2037.0,8.089935774534444,16.92528820536484,24.25352710262317,30.81052923828156,56.386931757032386,7.596876021437143,8.736276669653074,16.388950064803016
2037.0833333333333,7.822848010717162,16.40953123710724,23.706654383704365,30.24131221181862,55.424541709819984,7.348247011246784,8.46066005094374,15.889898528938856
2037.1666666666667,7.534715426164063,15.92346785276354,23.1491604690743,29.664665794821108,54.471090371886255,7.092175741100407,8.182181444770256,15.417489438427603
2037.25,7.2843545641664065,15.456200232834737,22.59226433105537,29.121207809834328,53.517156529968176,4.156915225816142,7.91282822541894,14.964197372509087
2037.3333333333333,7.000418284279589,14.98204783890065,22.074167248094092,28.55681582300698,52.610685444210404,4.0206353347481665,7.648523523419863,14.538154606879786
2037.4166666666667,6.739303141582575,14.570014359261496,21.556377903055864,28.002863258073948,51.701713288745694,3.888492142560874,7.387561331254863,14.120821149549045
2037.5,6.434085011735419,14.165403098924488,21.069862514209575,27.48805064664455,50.80610535974345,3.7414060647569936,7.124558875773229,13.713425291522531
2037.5833333333333,6.1683857846821,13.766413192552722,20.5943275054925,26.977690680104757,49.90135320575569,2.0959215475671558,6.8580578700593735,13.317483311112753
2037.6666666666667,0.0,13.364050724449385,20.09646605360459,26.474827633255988,49.060562482350356,2.0247286240833176,6.572635783330066,12.933256071117443
2037.75,0.0,12.973449254162999,19.608491480456276,26.0150119845538,48.249476541544226,1.9409367815923764,3.813982142657892,12.558279869539321
2037.8333333333333,0.0,12.594264985322226,19.161781901970663,25.520058629953894,47.439252380632375,0.0,2.151757986068871,12.186170451702287
2037.9166666666667,0.0,12.199786976854956,18.709009183451315,25.013611828938288,46.60553997291194,0.0,2.0422378348232813,11.811630794848174
2038.0,0.0,11.807285030267714,18.268344725489747,24.550249469234057,45.78734600039544,0.0,1.8574781718383921,11.398783854957086
2038.0833333333333,0.0,11.442196057908633,17.849052850130235,24.095543652160938,44.98612392214153,0.0,0.0,9.446727011673243
2038.1666666666667,0.0,11.096038934476521,17.43938448907289,23.654532208235644,44.227149411687314,0.0,0.0,9.137276800660466
2038.25,0.0,10.74800004586788,17.039118765088816,23.22125236178326,43.48611094757352,0.0,0.0,8.80976295416711
2038.3333333333333,0.0,10.410428484515869,16.6512877628284,22.795909062430233,42.72227736195461,0.0,0.0,8.401724635522148
2038.4166666666667,0.0,10.108364484996745,16.277559311583556,22.378984882786924,41.99036783095876,0.0,0.0,6.439727897600596
2038.5,0.0,9.815065029601929,15.892603990864226,21.970964636492194,41.25942448771954,0.0,0.0,6.272622023724265
2038.5833333333333,0.0,9.530275810523044,15.52783970423581,21.569850298108033,40.55139330252596,0.0,0.0,6.110027853797535
2038.6666666666667,0.0,9.240917734531699,15.171447424163139,21.16745744551869,39.892193328024206,0.0,0.0,5.931700770417545
2038.75,0.0,8.952192358771523,14.815255821164074,20.77966605784039,39.24370925181827,0.0,0.0,2.4354093021727286
2038.8333333333333,0.0,8.534607196752994,14.471630203967006,20.400252891613476,38.573558063376225,0.0,0.0,2.3697650083138804
2038.9166666666667,0.0,0.0,14.136397525995688,20.041637507130602,37.89955584915564,0.0,0.0,2.2778254194441745
2039.0,0.0,0.0,13.807014561962836,19.658400809815237,37.256187306001436,0.0,0.0,0.0
2039.0833333333333,0.0,0.0,13.489331751554673,19.29660657328698,36.64386715750837,0.0,0.0,0.0
2039.1666666666667,0.0,0.0,13.180032777977884,18.940653615745408,36.02417725556344,0.0,0.0,0.0
2039.25,0.0,0.0,12.872443012135305,18.591267303127015,35.360102456960874,0.0,0.0,0.0
2039.3333333333333,0.0,0.0,12.57777105722645,18.24592331377565,34.75935513696585,0.0,0.0,0.0
2039.4166666666667,0.0,0.0,12.28924434184232,17.905144154536668,34.17597582801132,0.0,0.0,0.0
2039.5,0.0,0.0,11.994456733462654,17.56720703460618,33.609215198271556,0.0,0.0,0.0
2039.5833333333333,0.0,0.0,11.717733919786857,17.229403680809902,33.03024475322192,0.0,0.0,0.0
2039.6666666666667,0.0,0.0,11.442024107922615,16.91224745675932,32.45011283597108,0.0,0.0,0.0
2039.75,0.0,0.0,11.172801548702836,16.59434803474918,31.894761148510597,0.0,0.0,0.0
2039.8333333333333,0.0,0.0,10.914364929844849,16.29331568210485,31.298694261786203,0.0,0.0,0.0
2039.9166666666667,0.0,0.0,10.662194224778068,16.00574470017461,30.71748072438427,0.0,0.0,0.0
2040.0,0.0,0.0,10.414053175638507,15.723249239474177,30.201572136065668,0.0,0.0,0.0
2040.0833333333333,0.0,0.0,10.177893587045736,15.44573971893531,29.670667506458436,0.0,0.0,0.0
2040.1666666666667,0.0,0.0,9.943121669322998,15.164484988682863,29.159644267202633,0.0,0.0,0.0
2040.25,0.0,0.0,9.709042574713065,14.88823712249358,28.636352693629497,0.0,0.0,0.0
2040.3333333333333,0.0,0.0,9.480474125990378,14.61678593101415,28.14778040977331,0.0,0.0,0.0
2040.4166666666667,0.0,0.0,9.262805438312641,14.347878199852875,27.664714412856274,0.0,0.0,0.0
2040.5,0.0,0.0,9.05402363020827,14.083917700912526,27.18092662719996,0.0,0.0,0.0
2040.5833333333333,0.0,0.0,8.849947722890185,13.824813415843217,26.71006645899142,0.0,0.0,0.0
2040.6666666666667,0.0,0.0,8.650471646282583,13.570476000865103,26.247057636476146,0.0,0.0,0.0
2040.75,0.0,0.0,8.455491721108267,13.320817755958842,25.79994960026477,0.0,0.0,0.0
2040.8333333333333,0.0,0.0,8.264906605000498,13.075752594622884,25.360457869043195,0.0,0.0,0.0
2040.9166666666667,0.0,0.0,8.078617239829494,12.8349035272655,24.928452702129114,0.0,0.0,0.0
2041.0,0.0,0.0,7.896526800216202,12.59813022134882,24.50078116043307,0.0,0.0,0.0
2041.0833333333333,0.0,0.0,7.662527464447655,12.363378808108562,24.078304137379178,0.0,0.0,0.0
2041.1666666666667,0.0,0.0,0.0,12.132006807858323,23.66311205899049,0.0,0.0,0.0
2041.25,0.0,0.0,0.0,11.914021107480483,23.241401073273117,0.0,0.0,0.0
2041.3333333333333,0.0,0.0,0.0,11.695252771435102,22.826658221532064,0.0,0.0,0.0
2041.4166666666667,0.0,0.0,0.0,11.479562860007222,22.419316456865246,0.0,0.0,0.0
2041.5,0.0,0.0,0.0,11.272018637811437,22.019243706858013,0.0,0.0,0.0
2041.5833333333333,0.0,0.0,0.0,11.066049508178997,21.656945426524878,0.0,0.0,0.0
2041.6666666666667,0.0,0.0,0.0,10.863664436711357,21.301075630845975,0.0,0.0,0.0
2041.75,0.0,0.0,0.0,10.66498096664884,20.920823767347162,0.0,0.0,0.0
2041.8333333333333,0.0,0.0,0.0,10.471886612530072,20.567166703261446,0.0,0.0,0.0
2041.9166666666667,0.0,0.0,0.0,10.284146305283947,20.21197462868987,0.0,0.0,0.0
2042.0,0.0,0.0,0.0,10.0997718295265,19.869706856093636,0.0,0.0,0.0
2042.0833333333333,0.0,0.0,0.0,9.918702841899853,19.533235016462424,0.0,0.0,0.0
2042.1666666666667,0.0,0.0,0.0,9.740880080900611,19.20246096194856,0.0,0.0,0.0
2042.25,0.0,0.0,0.0,9.565909859979005,18.874236813509246,0.0,0.0,0.0
2042.3333333333333,0.0,0.0,0.0,9.392399908001568,18.543773152412296,0.0,0.0,0.0
2042.4166666666667,0.0,0.0,0.0,9.217778680109168,18.228694618732487,0.0,0.0,0.0
2042.5,0.0,0.0,0.0,9.04541448951596,17.908004345719526,0.0,0.0,0.0
2042.5833333333333,0.0,0.0,0.0,8.876273413514573,17.596209168437138,0.0,0.0,0.0
2042.6666666666667,0.0,0.0,0.0,8.71029518055905,17.290693237937408,0.0,0.0,0.0
2042.75,0.0,0.0,0.0,8.54742064618864,16.99131919812063,0.0,0.0,0.0
2042.8333333333333,0.0,0.0,0.0,8.387591771950785,16.703825640416557,0.0,0.0,0.0
2042.9166666666667,0.0,0.0,0.0,8.23075160471826,16.422418542207588,0.0,0.0,0.0
2043.0,0.0,0.0,0.0,8.077493120467818,16.143349414427334,0.0,0.0,0.0
2043.0833333333333,0.0,0.0,0.0,7.930312988468792,15.874817096498438,0.0,0.0,0.0
2043.1666666666667,0.0,0.0,0.0,7.782636163099288,15.60167927553823,0.0,0.0,0.0
2043.25,0.0,0.0,0.0,7.6392636130670235,15.333580373716426,0.0,0.0,0.0
2043.3333333333333,0.0,0.0,0.0,7.499397367068293,15.069926962339496,0.0,0.0,0.0
2043.4166666666667,0.0,0.0,0.0,7.361447535697451,14.810959398788796,0.0,0.0,0.0
2043.5,0.0,0.0,0.0,7.226035301504752,14.556278904693768,0.0,0.0,0.0
2043.5833333333333,0.0,0.0,0.0,7.093113984481167,14.305978218827208,0.0,0.0,0.0
2043.6666666666667,0.0,0.0,0.0,6.962088637384688,14.059978674558055,0.0,0.0,0.0
2043.75,0.0,0.0,0.0,6.833268203942042,13.816076172546525,0.0,0.0,0.0
2043.8333333333333,0.0,0.0,0.0,6.706831388106017,13.575716625105901,0.0,0.0,0.0
2043.9166666666667,0.0,0.0,0.0,0.0,13.33880451013196,0.0,0.0,0.0
2044.0,0.0,0.0,0.0,0.0,13.106027373179117,0.0,0.0,0.0
2044.0833333333333,0.0,0.0,0.0,0.0,12.87302522834274,0.0,0.0,0.0
2044.1666666666667,0.0,0.0,0.0,0.0,12.649225852994558,0.0,0.0,0.0
2044.25,0.0,0.0,0.0,0.0,12.425638487551465,0.0,0.0,0.0
2044.3333333333333,0.0,0.0,0.0,0.0,12.210926253833604,0.0,0.0,0.0
2044.4166666666667,0.0,0.0,0.0,0.0,12.002462260541344,0.0,0.0,0.0
2044.5,0.0,0.0,0.0,0.0,11.795058250352994,0.0,0.0,0.0
2044.5833333333333,0.0,0.0,0.0,0.0,11.59296542987455,0.0,0.0,0.0
2044.6666666666667,0.0,0.0,0.0,0.0,11.396871865493434,0.0,0.0,0.0
2044.75,0.0,0.0,0.0,0.0,11.20036873912657,0.0,0.0,0.0
2044.8333333333333,0.0,0.0,0.0,0.0,11.011137210204504,0.0,0.0,0.0
2044.9166666666667,0.0,0.0,0.0,0.0,10.82115982565121,0.0,0.0,0.0
2045.0,0.0,0.0,0.0,0.0,10.631618506123605,0.0,0.0,0.0
2045.0833333333333,0.0,0.0,0.0,0.0,10.450997699046106,0.0,0.0,0.0
2045.1666666666667,0.0,0.0,0.0,0.0,10.271389716410985,0.0,0.0,0.0
2045.25,0.0,0.0,0.0,0.0,10.088806014990702,0.0,0.0,0.0
2045.3333333333333,0.0,0.0,0.0,0.0,9.912637358102925,0.0,0.0,0.0
2045.4166666666667,0.0,0.0,0.0,0.0,9.742121671561875,0.0,0.0,0.0
2045.5,0.0,0.0,0.0,0.0,9.476286348600832,0.0,0.0,0.0
2045.5833333333333,0.0,0.0,0.0,0.0,0.0,0.0,0.0,0.0
2045.6666666666667,0.0,0.0,0.0,0.0,0.0,0.0,0.0,0.0
2045.75,0.0,0.0,0.0,0.0,0.0,0.0,0.0,0.0
2045.8333333333333,0.0,0.0,0.0,0.0,0.0,0.0,0.0,0.0
2045.9166666666667,0.0,0.0,0.0,0.0,0.0,0.0,0.0,0.0
2046.0,0.0,0.0,0.0,0.0,0.0,0.0,0.0,0.0
2046.0833333333333,0.0,0.0,0.0,0.0,0.0,0.0,0.0,0.0
2046.1666666666667,0.0,0.0,0.0,0.0,0.0,0.0,0.0,0.0
2046.25,0.0,0.0,0.0,0.0,0.0,0.0,0.0,0.0
2046.3333333333333,0.0,0.0,0.0,0.0,0.0,0.0,0.0,0.0
2046.4166666666667,0.0,0.0,0.0,0.0,0.0,0.0,0.0,0.0
2046.5,0.0,0.0,0.0,0.0,0.0,0.0,0.0,0.0
2046.5833333333333,0.0,0.0,0.0,0.0,0.0,0.0,0.0,0.0
2046.6666666666667,0.0,0.0,0.0,0.0,0.0,0.0,0.0,0.0
2046.75,0.0,0.0,0.0,0.0,0.0,0.0,0.0,0.0
2046.8333333333333,0.0,0.0,0.0,0.0,0.0,0.0,0.0,0.0
2046.9166666666667,0.0,0.0,0.0,0.0,0.0,0.0,0.0,0.0
2047.0,0.0,0.0,0.0,0.0,0.0,0.0,0.0,0.0
2047.0833333333333,0.0,0.0,0.0,0.0,0.0,0.0,0.0,0.0
2047.1666666666667,0.0,0.0,0.0,0.0,0.0,0.0,0.0,0.0
2047.25,0.0,0.0,0.0,0.0,0.0,0.0,0.0,0.0
2047.3333333333333,0.0,0.0,0.0,0.0,0.0,0.0,0.0,0.0
2047.4166666666667,0.0,0.0,0.0,0.0,0.0,0.0,0.0,0.0
2047.5,0.0,0.0,0.0,0.0,0.0,0.0,0.0,0.0
2047.5833333333333,0.0,0.0,0.0,0.0,0.0,0.0,0.0,0.0
2047.6666666666667,0.0,0.0,0.0,0.0,0.0,0.0,0.0,0.0
2047.75,0.0,0.0,0.0,0.0,0.0,0.0,0.0,0.0
2047.8333333333333,0.0,0.0,0.0,0.0,0.0,0.0,0.0,0.0
2047.9166666666667,0.0,0.0,0.0,0.0,0.0,0.0,0.0,0.0
2048.0,0.0,0.0,0.0,0.0,0.0,0.0,0.0,0.0
2048.0833333333335,0.0,0.0,0.0,0.0,0.0,0.0,0.0,0.0
2048.1666666666665,0.0,0.0,0.0,0.0,0.0,0.0,0.0,0.0
2048.25,0.0,0.0,0.0,0.0,0.0,0.0,0.0,0.0
2048.3333333333335,0.0,0.0,0.0,0.0,0.0,0.0,0.0,0.0
2048.4166666666665,0.0,0.0,0.0,0.0,0.0,0.0,0.0,0.0
2048.5,0.0,0.0,0.0,0.0,0.0,0.0,0.0,0.0
2048.5833333333335,0.0,0.0,0.0,0.0,0.0,0.0,0.0,0.0
2048.6666666666665,0.0,0.0,0.0,0.0,0.0,0.0,0.0,0.0
2048.75,0.0,0.0,0.0,0.0,0.0,0.0,0.0,0.0
2048.8333333333335,0.0,0.0,0.0,0.0,0.0,0.0,0.0,0.0
2048.9166666666665,0.0,0.0,0.0,0.0,0.0,0.0,0.0,0.0
2049.0,0.0,0.0,0.0,0.0,0.0,0.0,0.0,0.0
2049.0833333333335,0.0,0.0,0.0,0.0,0.0,0.0,0.0,0.0
2049.1666666666665,0.0,0.0,0.0,0.0,0.0,0.0,0.0,0.0
2049.25,0.0,0.0,0.0,0.0,0.0,0.0,0.0,0.0
2049.3333333333335,0.0,0.0,0.0,0.0,0.0,0.0,0.0,0.0
2049.4166666666665,0.0,0.0,0.0,0.0,0.0,0.0,0.0,0.0
2049.5,0.0,0.0,0.0,0.0,0.0,0.0,0.0,0.0
2049.5833333333335,0.0,0.0,0.0,0.0,0.0,0.0,0.0,0.0
2049.6666666666665,0.0,0.0,0.0,0.0,0.0,0.0,0.0,0.0
2049.75,0.0,0.0,0.0,0.0,0.0,0.0,0.0,0.0
2049.8333333333335,0.0,0.0,0.0,0.0,0.0,0.0,0.0,0.0
2049.9166666666665,0.0,0.0,0.0,0.0,0.0,0.0,0.0,0.0
2050.0,0.0,0.0,0.0,0.0,0.0,0.0,0.0,0.0
2050.0833333333335,0.0,0.0,0.0,0.0,0.0,0.0,0.0,0.0
2050.1666666666665,0.0,0.0,0.0,0.0,0.0,0.0,0.0,0.0
2050.25,0.0,0.0,0.0,0.0,0.0,0.0,0.0,0.0
2050.3333333333335,0.0,0.0,0.0,0.0,0.0,0.0,0.0,0.0
2050.4166666666665,0.0,0.0,0.0,0.0,0.0,0.0,0.0,0.0
2050.5,0.0,0.0,0.0,0.0,0.0,0.0,0.0,0.0
2050.5833333333335,0.0,0.0,0.0,0.0,0.0,0.0,0.0,0.0
2050.6666666666665,0.0,0.0,0.0,0.0,0.0,0.0,0.0,0.0
2050.75,0.0,0.0,0.0,0.0,0.0,0.0,0.0,0.0
2050.8333333333335,0.0,0.0,0.0,0.0,0.0,0.0,0.0,0.0
2050.9166666666665,0.0,0.0,0.0,0.0,0.0,0.0,0.0,0.0
2051.0,0.0,0.0,0.0,0.0,0.0,0.0,0.0,0.0
2051.0833333333335,0.0,0.0,0.0,0.0,0.0,0.0,0.0,0.0
2051.1666666666665,0.0,0.0,0.0,0.0,0.0,0.0,0.0,0.0
2051.25,0.0,0.0,0.0,0.0,0.0,0.0,0.0,0.0
2051.3333333333335,0.0,0.0,0.0,0.0,0.0,0.0,0.0,0.0
2051.4166666666665,0.0,0.0,0.0,0.0,0.0,0.0,0.0,0.0
2051.5,0.0,0.0,0.0,0.0,0.0,0.0,0.0,0.0
2051.5833333333335,0.0,0.0,0.0,0.0,0.0,0.0,0.0,0.0
2051.6666666666665,0.0,0.0,0.0,0.0,0.0,0.0,0.0,0.0
2051.75,0.0,0.0,0.0,0.0,0.0,0.0,0.0,0.0
2051.8333333333335,0.0,0.0,0.0,0.0,0.0,0.0,0.0,0.0
2051.9166666666665,0.0,0.0,0.0,0.0,0.0,0.0,0.0,0.0
2052.0,0.0,0.0,0.0,0.0,0.0,0.0,0.0,0.0
2052.0833333333335,0.0,0.0,0.0,0.0,0.0,0.0,0.0,0.0
2052.1666666666665,0.0,0.0,0.0,0.0,0.0,0.0,0.0,0.0
2052.25,0.0,0.0,0.0,0.0,0.0,0.0,0.0,0.0
2052.3333333333335,0.0,0.0,0.0,0.0,0.0,0.0,0.0,0.0
2052.4166666666665,0.0,0.0,0.0,0.0,0.0,0.0,0.0,0.0
2052.5,0.0,0.0,0.0,0.0,0.0,0.0,0.0,0.0
2052.5833333333335,0.0,0.0,0.0,0.0,0.0,0.0,0.0,0.0
2052.6666666666665,0.0,0.0,0.0,0.0,0.0,0.0,0.0,0.0
2052.75,0.0,0.0,0.0,0.0,0.0,0.0,0.0,0.0
2052.8333333333335,0.0,0.0,0.0,0.0,0.0,0.0,0.0,0.0
2052.9166666666665,0.0,0.0,0.0,0.0,0.0,0.0,0.0,0.0
2053.0,0.0,0.0,0.0,0.0,0.0,0.0,0.0,0.0
2053.0833333333335,0.0,0.0,0.0,0.0,0.0,0.0,0.0,0.0
2053.1666666666665,0.0,0.0,0.0,0.0,0.0,0.0,0.0,0.0
2053.25,0.0,0.0,0.0,0.0,0.0,0.0,0.0,0.0
2053.3333333333335,0.0,0.0,0.0,0.0,0.0,0.0,0.0,0.0
2053.4166666666665,0.0,0.0,0.0,0.0,0.0,0.0,0.0,0.0
2053.5,0.0,0.0,0.0,0.0,0.0,0.0,0.0,0.0
2053.5833333333335,0.0,0.0,0.0,0.0,0.0,0.0,0.0,0.0
2053.6666666666665,0.0,0.0,0.0,0.0,0.0,0.0,0.0,0.0
2053.75,0.0,0.0,0.0,0.0,0.0,0.0,0.0,0.0
2053.8333333333335,0.0,0.0,0.0,0.0,0.0,0.0,0.0,0.0
2053.9166666666665,0.0,0.0,0.0,0.0,0.0,0.0,0.0,0.0
2054.0,0.0,0.0,0.0,0.0,0.0,0.0,0.0,0.0
2054.0833333333335,0.0,0.0,0.0,0.0,0.0,0.0,0.0,0.0
2054.1666666666665,0.0,0.0,0.0,0.0,0.0,0.0,0.0,0.0
2054.25,0.0,0.0,0.0,0.0,0.0,0.0,0.0,0.0
2054.3333333333335,0.0,0.0,0.0,0.0,0.0,0.0,0.0,0.0
2054.4166666666665,0.0,0.0,0.0,0.0,0.0,0.0,0.0,0.0
2054.5,0.0,0.0,0.0,0.0,0.0,0.0,0.0,0.0
2054.5833333333335,0.0,0.0,0.0,0.0,0.0,0.0,0.0,0.0
2054.6666666666665,0.0,0.0,0.0,0.0,0.0,0.0,0.0,0.0
2054.75,0.0,0.0,0.0,0.0,0.0,0.0,0.0,0.0
2054.8333333333335,0.0,0.0,0.0,0.0,0.0,0.0,0.0,0.0
2054.9166666666665,0.0,0.0,0.0,0.0,0.0,0.0,0.0,0.0
2055.0,0.0,0.0,0.0,0.0,0.0,0.0,0.0,0.0
2055.0833333333335,0.0,0.0,0.0,0.0,0.0,0.0,0.0,0.0
2055.1666666666665,0.0,0.0,0.0,0.0,0.0,0.0,0.0,0.0
2055.25,0.0,0.0,0.0,0.0,0.0,0.0,0.0,0.0
2055.3333333333335,0.0,0.0,0.0,0.0,0.0,0.0,0.0,0.0
2055.4166666666665,0.0,0.0,0.0,0.0,0.0,0.0,0.0,0.0
2055.5,0.0,0.0,0.0,0.0,0.0,0.0,0.0,0.0
2055.5833333333335,0.0,0.0,0.0,0.0,0.0,0.0,0.0,0.0
2055.6666666666665,0.0,0.0,0.0,0.0,0.0,0.0,0.0,0.0
2055.75,0.0,0.0,0.0,0.0,0.0,0.0,0.0,0.0
2055.8333333333335,0.0,0.0,0.0,0.0,0.0,0.0,0.0,0.0
2055.9166666666665,0.0,0.0,0.0,0.0,0.0,0.0,0.0,0.0
2056.0,0.0,0.0,0.0,0.0,0.0,0.0,0.0,0.0
2056.0833333333335,0.0,0.0,0.0,0.0,0.0,0.0,0.0,0.0
2056.1666666666665,0.0,0.0,0.0,0.0,0.0,0.0,0.0,0.0
2056.25,0.0,0.0,0.0,0.0,0.0,0.0,0.0,0.0
2056.3333333333335,0.0,0.0,0.0,0.0,0.0,0.0,0.0,0.0
2056.4166666666665,0.0,0.0,0.0,0.0,0.0,0.0,0.0,0.0
2056.5,0.0,0.0,0.0,0.0,0.0,0.0,0.0,0.0
2056.5833333333335,0.0,0.0,0.0,0.0,0.0,0.0,0.0,0.0
2056.6666666666665,0.0,0.0,0.0,0.0,0.0,0.0,0.0,0.0
2056.75,0.0,0.0,0.0,0.0,0.0,0.0,0.0,0.0
2056.8333333333335,0.0,0.0,0.0,0.0,0.0,0.0,0.0,0.0
2056.9166666666665,0.0,0.0,0.0,0.0,0.0,0.0,0.0,0.0
